"","precinct_id","precinct_name","registered","turnout","undervotes","overvotes","vote_total","winning_votes","winning_candidate","winning_party","margin","margin_pct"
"1",1,"ACACIA",4764,3336,11,8,3317,1770,"BIDEN / HARRIS","DEM",295,8.89357853482062
"2",2,"ACOMA",3360,2894,13,8,2873,1788,"TRUMP / PENCE","REP",759,26.4183780020884
"3",3,"ACUNA",3421,2032,4,27,2001,1655,"BIDEN / HARRIS","DEM",1327,66.3168415792104
"4",4,"ADOBE",2643,2127,10,4,2113,1192,"TRUMP / PENCE","REP",317,15.0023663038334
"5",5,"ADORA",7974,7075,30,10,7035,4067,"TRUMP / PENCE","REP",1214,17.2565742714996
"6",6,"AGUA FRIA",1652,1414,9,4,1401,804,"TRUMP / PENCE","REP",229,16.3454675231977
"7",7,"AGUILA",412,333,1,4,328,224,"TRUMP / PENCE","REP",121,36.890243902439
"8",8,"AHWATUKEE",3951,3481,23,3,3455,1936,"BIDEN / HARRIS","DEM",468,13.5455861070912
"9",9,"AIRLINE CANAL",3446,2694,11,5,2678,1422,"BIDEN / HARRIS","DEM",222,8.28976848394324
"10",10,"ALAMO",3924,3246,19,5,3222,1825,"BIDEN / HARRIS","DEM",525,16.2942271880819
"11",11,"ALEXANDER",5153,4701,23,5,4673,2729,"BIDEN / HARRIS","DEM",855,18.2965974748556
"12",12,"ALHAMBRA",1387,838,2,7,829,586,"BIDEN / HARRIS","DEM",366,44.1495778045838
"13",13,"ALPACA",1811,1639,6,6,1627,955,"TRUMP / PENCE","REP",293,18.0086047940996
"14",14,"ALSUP",1135,815,5,1,809,489,"TRUMP / PENCE","REP",185,22.8677379480841
"15",15,"ALTADENA",1592,1278,5,0,1273,802,"TRUMP / PENCE","REP",353,27.7297721916732
"16",16,"ALVARADO",2256,1685,3,10,1672,1096,"BIDEN / HARRIS","DEM",547,32.7153110047847
"17",17,"AMBER",1784,1566,7,1,1558,811,"BIDEN / HARRIS","DEM",103,6.61103979460847
"18",18,"ANDERSON",2302,1886,9,1,1876,914,"BIDEN / HARRIS","DEM",8,0.426439232409382
"19",19,"ANDORA",2758,2265,9,9,2247,1179,"BIDEN / HARRIS","DEM",172,7.65465064530485
"20",20,"ANGELA",4686,4026,19,5,4002,2191,"TRUMP / PENCE","REP",444,11.0944527736132
"21",21,"ANNETTE",3520,2979,13,6,2960,1464,"TRUMP / PENCE","REP",34,1.14864864864865
"22",22,"APACHE",1786,1370,5,7,1358,875,"TRUMP / PENCE","REP",413,30.4123711340206
"23",23,"APACHE PARK",2432,1995,13,4,1978,1117,"TRUMP / PENCE","REP",305,15.4196157735086
"24",24,"APACHE WELLS",5209,4478,19,10,4449,2678,"TRUMP / PENCE","REP",974,21.892560125871
"25",25,"APPLEBY",6387,5750,21,6,5723,2884,"TRUMP / PENCE","REP",134,2.34142932028656
"26",26,"ARBOLEDA",4199,3566,18,6,3542,2368,"TRUMP / PENCE","REP",1267,35.7707509881423
"27",27,"ARCADIA",3339,2832,13,5,2814,1702,"BIDEN / HARRIS","DEM",646,22.956645344705
"28",28,"ARDMORE",4385,3349,18,17,3314,2408,"BIDEN / HARRIS","DEM",1561,47.1031985515993
"29",29,"ARLINGTON",198,152,0,0,152,128,"TRUMP / PENCE","REP",107,70.3947368421053
"30",30,"ARROWHEAD RANCH",2146,1864,11,2,1851,1012,"TRUMP / PENCE","REP",202,10.913019989195
"31",31,"ARTESIAN",3252,2691,11,5,2675,1323,"BIDEN / HARRIS","DEM",29,1.08411214953271
"32",32,"ASTER",2355,2101,8,0,2093,1124,"TRUMP / PENCE","REP",196,9.36454849498328
"33",33,"ATHENS",3080,2429,11,4,2414,1310,"TRUMP / PENCE","REP",248,10.2734051367026
"34",34,"AUGUSTA",1309,925,2,3,920,544,"BIDEN / HARRIS","DEM",188,20.4347826086957
"35",35,"AUGUSTA RANCH",3917,3154,15,2,3137,1869,"TRUMP / PENCE","REP",662,21.102964615875
"36",36,"AVIANO",4502,4125,19,9,4097,2036,"BIDEN / HARRIS","DEM",27,0.659018794239688
"37",37,"AVONDALE",2313,1314,3,15,1296,901,"BIDEN / HARRIS","DEM",524,40.4320987654321
"38",38,"AZTEC SPRINGS",4706,3679,20,13,3646,1960,"TRUMP / PENCE","REP",332,9.10586944596819
"39",39,"BALBOA",3991,3116,17,5,3094,2038,"BIDEN / HARRIS","DEM",1088,35.1648351648352
"40",40,"BALSZ",4705,2999,3,12,2984,2324,"BIDEN / HARRIS","DEM",1725,57.8083109919571
"41",41,"BARNES",2218,1919,9,3,1907,1089,"BIDEN / HARRIS","DEM",310,16.255899318301
"42",42,"BAYSHORE",6228,5306,32,10,5264,2604,"TRUMP / PENCE","REP",41,0.77887537993921
"43",43,"BEARDSLEY",4883,4341,24,6,4311,2538,"TRUMP / PENCE","REP",819,18.9979123173278
"44",44,"BERYL",1985,1592,9,1,1582,812,"BIDEN / HARRIS","DEM",78,4.93046776232617
"45",45,"BETHANY",1767,1593,8,2,1583,877,"BIDEN / HARRIS","DEM",188,11.8761844598863
"46",46,"BETHANY PARK",1268,737,4,3,730,500,"BIDEN / HARRIS","DEM",284,38.9041095890411
"47",47,"BETHUNE",2099,1141,11,7,1123,902,"BIDEN / HARRIS","DEM",700,62.33303650935
"48",48,"BILTMORE",2641,2428,16,3,2409,1301,"BIDEN / HARRIS","DEM",223,9.25695309256953
"49",49,"BISCUIT FLAT",3316,2850,9,1,2840,1895,"TRUMP / PENCE","REP",988,34.7887323943662
"50",50,"BLACK CANYON",6737,4374,16,17,4341,2650,"BIDEN / HARRIS","DEM",1071,24.6717346233587
"51",51,"BLACK GOLD",2544,2368,11,5,2352,1442,"TRUMP / PENCE","REP",542,23.0442176870748
"52",52,"BLACKHAWK",3948,3057,9,7,3041,1511,"TRUMP / PENCE","REP",69,2.26899046366327
"53",53,"BLOOM",2471,1936,5,7,1924,1119,"TRUMP / PENCE","REP",373,19.3866943866944
"54",54,"BLUE SKY",1075,976,1,4,971,601,"TRUMP / PENCE","REP",240,24.7167868177137
"55",55,"BLUEBIRD",6175,4861,25,15,4821,2610,"BIDEN / HARRIS","DEM",516,10.7031736154325
"56",56,"BLUEFIELD",3570,2797,9,4,2784,1508,"TRUMP / PENCE","REP",293,10.5244252873563
"57",57,"BONANZA",1890,1698,8,5,1685,999,"TRUMP / PENCE","REP",319,18.9317507418398
"58",58,"BONSALL PARK",1103,602,1,4,597,423,"BIDEN / HARRIS","DEM",268,44.8911222780569
"59",59,"BREWER",3669,3042,15,8,3019,1707,"TRUMP / PENCE","REP",448,14.8393507784034
"60",60,"BRONCO",3784,3404,15,4,3385,1968,"TRUMP / PENCE","REP",586,17.3116691285081
"61",61,"BROOKS FARM",6801,6011,24,13,5974,3669,"TRUMP / PENCE","REP",1451,24.2885838634081
"62",62,"BUCKEYE",1905,1280,8,10,1262,717,"TRUMP / PENCE","REP",197,15.6101426307448
"63",63,"BUCKLEY",3073,2090,12,7,2071,1175,"BIDEN / HARRIS","DEM",344,16.6103331723805
"64",64,"BUFFALO RIDGE",4210,3549,14,5,3530,1733,"BIDEN / HARRIS","DEM",14,0.396600566572238
"65",65,"BULLARD",153,125,0,1,124,81,"TRUMP / PENCE","REP",41,33.0645161290323
"66",66,"BULLMOOSE",2105,1772,8,1,1763,885,"TRUMP / PENCE","REP",54,3.06296086216676
"67",67,"BUNKER PEAK",499,344,1,1,342,231,"TRUMP / PENCE","REP",127,37.1345029239766
"68",68,"BURGESS",3226,2040,5,8,2027,1469,"BIDEN / HARRIS","DEM",948,46.7686235816478
"69",69,"BUTLER",7078,5129,24,22,5083,2828,"BIDEN / HARRIS","DEM",703,13.8304151091875
"70",70,"CACTUS GLEN",3025,2646,13,6,2627,1473,"TRUMP / PENCE","REP",341,12.9805862200228
"71",71,"CAIRO",2880,2423,13,2,2408,1699,"BIDEN / HARRIS","DEM",1049,43.563122923588
"72",72,"CALAVAR",1692,1311,7,4,1300,674,"TRUMP / PENCE","REP",71,5.46153846153846
"73",73,"CALAVEROS",1586,1442,7,1,1434,841,"BIDEN / HARRIS","DEM",267,18.6192468619247
"74",74,"CALYPSO",3066,2547,17,11,2519,1434,"TRUMP / PENCE","REP",385,15.2838427947598
"75",75,"CAMBRIDGE",864,530,2,2,526,418,"BIDEN / HARRIS","DEM",323,61.4068441064639
"76",76,"CAMELOT",5231,4681,27,3,4651,2498,"BIDEN / HARRIS","DEM",406,8.7293055256934
"77",77,"CAMEO",3201,2873,8,13,2852,1648,"TRUMP / PENCE","REP",468,16.4095371669004
"78",78,"CAMPBELL",4039,3500,18,4,3478,2203,"TRUMP / PENCE","REP",1003,28.8384128809661
"79",79,"CAMPBELL PARK",2051,1772,6,0,1766,1104,"BIDEN / HARRIS","DEM",476,26.9535673839185
"80",80,"CANDLELIGHT",4956,4188,15,10,4163,2704,"TRUMP / PENCE","REP",1337,32.1162623108335
"81",81,"CANTERBURY",2975,2633,8,5,2620,1394,"BIDEN / HARRIS","DEM",205,7.82442748091603
"82",82,"CANYON",264,240,1,0,239,141,"TRUMP / PENCE","REP",44,18.4100418410042
"83",83,"CANYON RIM",3971,3192,10,5,3177,1884,"TRUMP / PENCE","REP",673,21.1835064526283
"84",84,"CAPITOL SCHOOL",2410,1693,7,3,1683,1227,"BIDEN / HARRIS","DEM",802,47.6530005941771
"85",85,"CARDINAL",3419,3089,18,1,3070,1812,"BIDEN / HARRIS","DEM",606,19.7394136807818
"86",86,"CAREFREE",3320,3029,16,2,3011,1853,"TRUMP / PENCE","REP",726,24.1115908336101
"87",87,"CARL",3774,2446,7,18,2421,1735,"BIDEN / HARRIS","DEM",1103,45.5596860801322
"88",88,"CARLA VISTA",2987,2192,4,7,2181,1334,"BIDEN / HARRIS","DEM",550,25.2177900045851
"89",89,"CAROL ANN",4821,3689,20,6,3663,2060,"TRUMP / PENCE","REP",561,15.3153153153153
"90",90,"CARON",2973,2240,11,5,2224,1095,"TRUMP / PENCE","REP",9,0.404676258992806
"91",91,"CARRIAGE LANE",3374,2748,12,9,2727,1473,"BIDEN / HARRIS","DEM",309,11.3311331133113
"92",92,"CARVER",3719,2888,13,11,2864,1882,"BIDEN / HARRIS","DEM",951,33.2053072625698
"93",93,"CASHION",6715,4769,12,31,4726,3463,"BIDEN / HARRIS","DEM",2289,48.4341938214135
"94",94,"CATAMARAN",3003,2626,9,4,2613,1528,"TRUMP / PENCE","REP",500,19.1350937619594
"95",95,"CAVE BUTTES",5163,4543,18,6,4519,2261,"TRUMP / PENCE","REP",84,1.85881832263775
"96",96,"CAVE CREEK",3785,3306,18,1,3287,2039,"TRUMP / PENCE","REP",839,25.5247946455735
"97",97,"CELAYA",3788,2979,12,2,2965,2021,"BIDEN / HARRIS","DEM",1178,39.7301854974705
"98",98,"CENTENNIAL",2262,1611,12,4,1595,802,"BIDEN / HARRIS","DEM",52,3.26018808777429
"99",99,"CENTRAL HIGH",3458,2648,10,10,2628,1952,"BIDEN / HARRIS","DEM",1355,51.5601217656012
"100",100,"CHALLENGER",3197,1933,4,8,1921,1328,"BIDEN / HARRIS","DEM",767,39.9271212909943
"101",101,"CHANDLER HEIGHTS",5347,4877,14,2,4861,2793,"TRUMP / PENCE","REP",787,16.190084344785
"102",102,"CHAVEZ",1715,958,8,8,942,760,"BIDEN / HARRIS","DEM",597,63.3757961783439
"103",103,"CHEATHAM",5893,4569,17,18,4534,3404,"BIDEN / HARRIS","DEM",2353,51.896779885311
"104",104,"CHENEY",3455,3073,21,1,3051,1832,"TRUMP / PENCE","REP",644,21.107833497214
"105",105,"CHILTON",2117,1680,5,3,1672,930,"BIDEN / HARRIS","DEM",236,14.1148325358852
"106",106,"CHOLLA",4240,2924,11,5,2908,1607,"BIDEN / HARRIS","DEM",380,13.0674002751032
"107",107,"CHRISTY",1935,1500,4,4,1492,762,"TRUMP / PENCE","REP",72,4.82573726541555
"108",108,"CIELO",3583,3208,18,6,3184,1618,"TRUMP / PENCE","REP",83,2.60678391959799
"109",109,"CIELO GRANDE",2978,2523,8,1,2514,1246,"TRUMP / PENCE","REP",28,1.11376292760541
"110",110,"CITRUS",2706,2328,7,2,2319,1515,"BIDEN / HARRIS","DEM",761,32.8158689090125
"111",111,"CITRUS GARDENS",3960,3012,16,16,2980,1505,"TRUMP / PENCE","REP",76,2.5503355704698
"112",112,"CITRUS GROVES",4813,3890,22,21,3847,2148,"TRUMP / PENCE","REP",524,13.6210033792566
"113",113,"CLAY MINE",673,588,4,0,584,409,"TRUMP / PENCE","REP",240,41.0958904109589
"114",114,"CLEARVIEW",3628,3181,11,4,3166,1554,"TRUMP / PENCE","REP",6,0.189513581806696
"115",115,"CLEARWATER",1294,1170,6,1,1163,618,"TRUMP / PENCE","REP",88,7.56663800515907
"116",116,"CLIFFVIEW",1366,1246,6,0,1240,780,"BIDEN / HARRIS","DEM",340,27.4193548387097
"117",117,"CLOUD",4130,3649,9,4,3636,2004,"TRUMP / PENCE","REP",410,11.2761276127613
"118",118,"CLOVER",1485,972,2,6,964,522,"BIDEN / HARRIS","DEM",117,12.1369294605809
"119",119,"CLUB WEST",5745,5067,25,5,5037,2708,"BIDEN / HARRIS","DEM",450,8.93388921977368
"120",120,"COCOPAH",2090,1780,13,0,1767,953,"TRUMP / PENCE","REP",158,8.9417091114884
"121",121,"COLDWATER RIDGE",4093,2896,9,11,2876,1918,"BIDEN / HARRIS","DEM",1015,35.2920723226704
"122",122,"COLONIA",6171,5274,13,8,5253,2644,"BIDEN / HARRIS","DEM",139,2.64610698648391
"123",123,"COLONNADE",3492,3026,12,2,3012,1994,"BIDEN / HARRIS","DEM",1030,34.1965471447543
"124",124,"COLTER",1895,1321,11,5,1305,878,"BIDEN / HARRIS","DEM",481,36.8582375478927
"125",125,"COMET",3874,3003,12,3,2988,1588,"TRUMP / PENCE","REP",255,8.53413654618474
"126",126,"COMMONWEALTH",2525,1849,9,11,1829,1191,"BIDEN / HARRIS","DEM",608,33.2422088572991
"127",127,"COMPADRE",5987,5139,15,8,5116,2676,"BIDEN / HARRIS","DEM",321,6.27443315089914
"128",128,"COMSTOCK",1926,1689,10,1,1678,874,"BIDEN / HARRIS","DEM",111,6.6150178784267
"129",129,"CONCORD",1987,1719,7,5,1707,913,"BIDEN / HARRIS","DEM",151,8.84592852958407
"130",130,"CONQUISTADOR",1445,1310,6,3,1301,817,"TRUMP / PENCE","REP",345,26.5180630284397
"131",131,"CONTENTION MINE",1719,1408,9,5,1394,692,"TRUMP / PENCE","REP",25,1.79340028694405
"132",132,"COPPER HILLS",2903,2570,10,0,2560,1289,"TRUMP / PENCE","REP",49,1.9140625
"133",133,"COPPERWOOD",1888,1497,7,5,1485,745,"BIDEN / HARRIS","DEM",33,2.22222222222222
"134",134,"CORA",1750,1090,3,9,1078,773,"BIDEN / HARRIS","DEM",493,45.7328385899814
"135",135,"CORBELL",4059,3604,29,9,3566,2202,"BIDEN / HARRIS","DEM",900,25.2383623107123
"136",136,"CORDES",1996,1512,3,4,1505,1056,"BIDEN / HARRIS","DEM",633,42.0598006644518
"137",137,"CORDONIZ",3364,2394,3,15,2376,1483,"BIDEN / HARRIS","DEM",628,26.4309764309764
"138",138,"CORDOVA",1551,826,6,9,811,538,"BIDEN / HARRIS","DEM",280,34.5252774352651
"139",139,"CORONA",1761,1590,6,2,1582,926,"BIDEN / HARRIS","DEM",311,19.6586599241466
"140",140,"CORONADO",3770,3041,10,5,3026,1690,"BIDEN / HARRIS","DEM",428,14.1440846001322
"141",141,"CORRINE",3274,2810,9,2,2799,1718,"TRUMP / PENCE","REP",671,23.9728474455163
"142",142,"CORTEZ",1973,1163,7,4,1152,680,"BIDEN / HARRIS","DEM",240,20.8333333333333
"143",143,"COTTON LANE",5804,4786,16,12,4758,2611,"TRUMP / PENCE","REP",565,11.8747372845733
"144",144,"COTTONWOOD COUNTRY CLUB",4581,4127,26,19,4082,2415,"TRUMP / PENCE","REP",777,19.0347868691818
"145",145,"COUNTRY GABLES",1539,1098,9,1,1088,569,"TRUMP / PENCE","REP",80,7.35294117647059
"146",146,"COUNTRY MEADOWS",998,752,1,4,747,382,"TRUMP / PENCE","REP",31,4.14993306559572
"147",147,"COVINA",3353,2749,14,4,2731,1638,"TRUMP / PENCE","REP",601,22.0065909923105
"148",148,"COYOTE BASIN",3074,2594,9,7,2578,1333,"TRUMP / PENCE","REP",137,5.31419705197828
"149",149,"COYOTE HILLS",4391,3836,17,4,3815,2579,"TRUMP / PENCE","REP",1410,36.959370904325
"150",150,"COYOTE LAKES",2611,2181,7,5,2169,1327,"TRUMP / PENCE","REP",525,24.2047026279391
"151",151,"CREEDANCE",4588,3878,12,8,3858,2320,"TRUMP / PENCE","REP",854,22.1358216692587
"152",152,"CREIGHTON",3842,2634,8,10,2616,1901,"BIDEN / HARRIS","DEM",1234,47.17125382263
"153",153,"CRESCENT",1204,1087,4,1,1082,661,"TRUMP / PENCE","REP",250,23.1053604436229
"154",154,"CRISMON",5044,4243,18,5,4220,2221,"BIDEN / HARRIS","DEM",354,8.38862559241706
"155",155,"CROCUS",1941,1658,5,2,1651,1008,"TRUMP / PENCE","REP",408,24.7122955784373
"156",156,"CROSBY",1329,1162,3,7,1152,661,"TRUMP / PENCE","REP",179,15.5381944444444
"157",157,"CROSSROADS PARK",6192,5207,15,6,5186,2804,"TRUMP / PENCE","REP",547,10.5476282298496
"158",158,"CRYSTAL GARDENS",5621,4267,13,16,4238,2522,"BIDEN / HARRIS","DEM",896,21.1420481359132
"159",159,"CULLUMBER",2771,2249,18,3,2228,1142,"BIDEN / HARRIS","DEM",113,5.07181328545781
"160",160,"CULVER",2115,1261,7,11,1243,961,"BIDEN / HARRIS","DEM",696,55.9935639581657
"161",161,"DAHLIA",2086,1565,6,3,1556,875,"TRUMP / PENCE","REP",229,14.7172236503856
"162",162,"DAISY",2217,1665,5,7,1653,821,"TRUMP / PENCE","REP",39,2.35934664246824
"163",163,"DALLAS",5200,3601,8,11,3582,2157,"TRUMP / PENCE","REP",807,22.5293132328308
"164",164,"DANBURY",3236,2700,11,4,2685,1559,"TRUMP / PENCE","REP",479,17.8398510242086
"165",165,"DANYELL",3908,2793,10,13,2770,1845,"BIDEN / HARRIS","DEM",978,35.3068592057762
"166",166,"DARROW",2305,1764,15,4,1745,1229,"BIDEN / HARRIS","DEM",769,44.0687679083095
"167",167,"DC RANCH",7592,6706,41,5,6660,3595,"TRUMP / PENCE","REP",598,8.97897897897898
"168",168,"DEADMAN WASH",5147,4550,11,6,4533,3440,"TRUMP / PENCE","REP",2402,52.9891903816457
"169",169,"DEER VALLEY",3150,2591,8,3,2580,1565,"TRUMP / PENCE","REP",605,23.4496124031008
"170",170,"DEERVIEW",1174,944,3,0,941,480,"BIDEN / HARRIS","DEM",40,4.25079702444208
"171",171,"DEL JOYA",3529,3225,16,5,3204,1688,"TRUMP / PENCE","REP",201,6.27340823970037
"172",172,"DEL RIO",3425,2944,10,3,2931,1775,"BIDEN / HARRIS","DEM",690,23.5414534288639
"173",173,"DESERT BELL",4326,3331,15,14,3302,1840,"BIDEN / HARRIS","DEM",472,14.2943670502726
"174",174,"DESERT BLOSSOM",2073,1812,5,4,1803,1065,"TRUMP / PENCE","REP",361,20.0221852468109
"175",175,"DESERT COVE",2379,2048,1,5,2042,1243,"BIDEN / HARRIS","DEM",481,23.5553379040157
"176",176,"DESERT EDGE",4712,3824,15,18,3791,1917,"BIDEN / HARRIS","DEM",121,3.19176998153521
"177",177,"DESERT HARBOR",4744,4083,20,6,4057,2341,"TRUMP / PENCE","REP",703,17.3280749322159
"178",178,"DESERT HAVEN",5824,5052,18,5,5029,2981,"TRUMP / PENCE","REP",1040,20.680055677073
"179",179,"DESERT HIGHLANDS",3177,2870,23,1,2846,1818,"TRUMP / PENCE","REP",826,29.0231904427266
"180",180,"DESERT HILLS",4342,3745,10,2,3733,2770,"TRUMP / PENCE","REP",1853,49.6383605679078
"181",181,"DESERT MIRAGE",2896,2285,7,3,2275,1200,"BIDEN / HARRIS","DEM",170,7.47252747252747
"182",182,"DESERT OASIS",8738,7660,20,13,7627,5300,"TRUMP / PENCE","REP",3094,40.5664088108037
"183",183,"DESERT SAGE",6586,5800,22,4,5774,3432,"TRUMP / PENCE","REP",1169,20.2459300311742
"184",184,"DESERT SKY",3724,2277,9,12,2256,1721,"BIDEN / HARRIS","DEM",1245,55.186170212766
"185",185,"DESERT THUNDER",5955,4783,12,14,4757,2410,"BIDEN / HARRIS","DEM",184,3.86798402354425
"186",186,"DESERT VISTA",2258,1886,5,2,1879,933,"TRUMP / PENCE","REP",17,0.904736562001064
"187",187,"DESOTO",2088,1703,5,2,1696,838,"BIDEN / HARRIS","DEM",41,2.41745283018868
"188",188,"DESSIE",3325,1867,5,12,1850,1350,"BIDEN / HARRIS","DEM",899,48.5945945945946
"189",189,"DEVONSHIRE",5641,4409,11,18,4380,2426,"BIDEN / HARRIS","DEM",542,12.3744292237443
"190",190,"DIABLO",1963,1583,4,7,1572,984,"BIDEN / HARRIS","DEM",426,27.0992366412214
"191",191,"DIXILETA",6842,6079,27,5,6047,3576,"TRUMP / PENCE","REP",1170,19.3484372416074
"192",192,"DOBBINS RANCH",6964,5497,23,20,5454,3733,"BIDEN / HARRIS","DEM",2117,38.8155482214888
"193",193,"DOBSON PARK",1905,1674,12,2,1660,823,"BIDEN / HARRIS","DEM",10,0.602409638554217
"194",194,"DOBSON RANCH",5245,4455,21,6,4428,2478,"BIDEN / HARRIS","DEM",636,14.3631436314363
"195",195,"DOUBLETREE",3017,2694,19,1,2674,1484,"TRUMP / PENCE","REP",339,12.677636499626
"196",196,"DOVE VALLEY",2824,2565,6,4,2555,1528,"TRUMP / PENCE","REP",540,21.1350293542074
"197",197,"DOVER",1462,1300,6,6,1288,836,"BIDEN / HARRIS","DEM",413,32.0652173913043
"198",198,"DREAMLAND VILLA",5502,4593,13,21,4559,2579,"TRUMP / PENCE","REP",676,14.8278131169116
"199",199,"DREAMY DRAW",2397,1811,6,3,1802,1145,"BIDEN / HARRIS","DEM",530,29.4117647058824
"200",200,"DREYFUS",2846,2454,16,3,2435,1221,"TRUMP / PENCE","REP",54,2.217659137577
"201",201,"DRIFTWOOD",5251,4490,22,5,4463,2587,"TRUMP / PENCE","REP",804,18.0147882590186
"202",202,"DUBLIN",3443,2679,13,8,2658,1493,"BIDEN / HARRIS","DEM",401,15.0865312264861
"203",203,"DUKE",3084,2361,16,11,2334,1360,"BIDEN / HARRIS","DEM",437,18.7232219365895
"204",204,"DUNBAR",3469,1418,7,17,1394,1089,"BIDEN / HARRIS","DEM",825,59.1822094691535
"205",205,"DURANGO",3577,2590,7,11,2572,1313,"TRUMP / PENCE","REP",112,4.35458786936236
"206",206,"DUSTY TRAIL",8721,7873,36,17,7820,5314,"TRUMP / PENCE","REP",2913,37.2506393861893
"207",207,"DWIGHT",3045,2411,5,8,2398,1686,"BIDEN / HARRIS","DEM",1031,42.9941618015012
"208",208,"DYNAMITE",3943,3515,20,5,3490,1968,"TRUMP / PENCE","REP",493,14.1260744985673
"209",209,"DYSART",1485,1138,8,2,1128,625,"TRUMP / PENCE","REP",143,12.677304964539
"210",210,"EASTMARK",2663,2419,6,4,2409,1292,"TRUMP / PENCE","REP",233,9.67206309672063
"211",211,"EASTRIDGE",3412,2725,9,7,2709,1505,"TRUMP / PENCE","REP",374,13.8058324104836
"212",212,"ECHO",2108,1398,3,5,1390,825,"BIDEN / HARRIS","DEM",294,21.1510791366906
"213",213,"EDISON",2650,1610,8,10,1592,1306,"BIDEN / HARRIS","DEM",1047,65.7663316582914
"214",214,"EL CARO",5681,3745,11,21,3713,2417,"BIDEN / HARRIS","DEM",1222,32.9113924050633
"215",215,"EL DOMINGO",2568,2120,13,5,2102,1325,"BIDEN / HARRIS","DEM",595,28.3063748810657
"216",216,"EL MIRAGE",5298,3709,14,12,3683,2019,"BIDEN / HARRIS","DEM",445,12.0825414064621
"217",217,"ELLSWORTH PARK",2566,1639,4,7,1628,821,"BIDEN / HARRIS","DEM",64,3.93120393120393
"218",218,"ELWOOD",4285,2971,13,8,2950,2217,"BIDEN / HARRIS","DEM",1552,52.6101694915254
"219",219,"EMERALD",2503,2247,14,15,2218,1296,"TRUMP / PENCE","REP",390,17.5834084761046
"220",220,"EMMETT",4342,3643,17,11,3615,1947,"BIDEN / HARRIS","DEM",350,9.68188105117566
"221",221,"ENCANTO",3072,2635,9,9,2617,1997,"BIDEN / HARRIS","DEM",1424,54.4134505158579
"222",222,"ENID PARK",3751,3122,15,10,3097,1840,"TRUMP / PENCE","REP",634,20.4714239586697
"223",223,"ENTZ",3326,2865,13,1,2851,1847,"TRUMP / PENCE","REP",896,31.427569273939
"224",224,"ESCALANTE",4591,3356,18,8,3330,2480,"BIDEN / HARRIS","DEM",1723,51.7417417417417
"225",225,"ESCOBAR",1593,1286,9,2,1275,698,"BIDEN / HARRIS","DEM",155,12.156862745098
"226",226,"ESCONDIDO",7462,5550,11,20,5519,3156,"TRUMP / PENCE","REP",921,16.6878057619134
"227",227,"ESQUIRE",5100,3510,10,7,3493,2291,"BIDEN / HARRIS","DEM",1227,35.1273976524477
"228",228,"ESTRELLA FOOTHILLS",6840,6006,19,10,5977,3259,"TRUMP / PENCE","REP",649,10.8582901120964
"229",229,"EUCLID",4040,3357,15,8,3334,2341,"BIDEN / HARRIS","DEM",1423,42.6814637072586
"230",230,"EVANS",1644,1432,8,2,1422,719,"TRUMP / PENCE","REP",45,3.16455696202532
"231",231,"FAIRWAY",2783,2122,6,5,2111,1147,"BIDEN / HARRIS","DEM",240,11.3690194220748
"232",232,"FALCON HILL",6496,5394,20,10,5364,3342,"TRUMP / PENCE","REP",1419,26.4541387024608
"233",233,"FENIMORE",6136,5249,14,4,5231,3531,"TRUMP / PENCE","REP",1942,37.1248327279679
"234",234,"FESTIVAL",5688,5200,19,11,5170,3194,"TRUMP / PENCE","REP",1270,24.5647969052224
"235",235,"FIESTA RANCH",4648,3759,12,1,3746,1930,"BIDEN / HARRIS","DEM",209,5.57928457020822
"236",236,"FOLLEY",6783,5584,23,5,5556,3219,"BIDEN / HARRIS","DEM",998,17.9625629949604
"237",237,"FOOTHILLS",5313,4733,16,6,4711,2460,"BIDEN / HARRIS","DEM",290,6.15580556145192
"238",238,"FORT MCDOWELL",617,367,2,2,363,259,"BIDEN / HARRIS","DEM",161,44.3526170798898
"239",239,"FOUNTAIN HILLS",3009,2734,13,4,2717,1561,"TRUMP / PENCE","REP",440,16.1943319838057
"240",240,"FOUR PEAKS",4447,3972,13,9,3950,2341,"TRUMP / PENCE","REP",810,20.5063291139241
"241",241,"FOX CROSSING",4172,3540,4,6,3530,1906,"BIDEN / HARRIS","DEM",362,10.2549575070822
"242",242,"FOXWOOD",2063,1774,8,1,1765,874,"TRUMP / PENCE","REP",21,1.18980169971671
"243",243,"FREMONT",2871,2393,4,8,2381,1470,"TRUMP / PENCE","REP",608,25.5354892902142
"244",244,"FRONTIER",6025,5173,25,1,5147,3115,"TRUMP / PENCE","REP",1156,22.4596852535458
"245",245,"FULTON RANCH",7900,7071,31,12,7028,3582,"TRUMP / PENCE","REP",239,3.40068298235629
"246",246,"GALVESTON",6686,5549,23,7,5519,3261,"BIDEN / HARRIS","DEM",1143,20.7102736002899
"247",247,"GARDEN GROVES",3818,2894,9,5,2880,1924,"BIDEN / HARRIS","DEM",1042,36.1805555555556
"248",248,"GARDENS",1530,1062,4,3,1055,842,"BIDEN / HARRIS","DEM",663,62.8436018957346
"249",249,"GATEWAY",3848,2234,5,19,2210,1803,"BIDEN / HARRIS","DEM",1443,65.2941176470588
"250",250,"GAVILAN PEAK",4139,3454,19,5,3430,2126,"TRUMP / PENCE","REP",876,25.5393586005831
"251",251,"GEMINI",3473,2692,15,8,2669,1351,"TRUMP / PENCE","REP",81,3.03484451105283
"252",252,"GENE AUTRY",3089,2644,8,2,2634,1585,"TRUMP / PENCE","REP",593,22.5132877752468
"253",253,"GERMANN",4890,4070,17,3,4050,2207,"BIDEN / HARRIS","DEM",436,10.7654320987654
"254",254,"GERONIMO",1744,1464,7,3,1454,812,"BIDEN / HARRIS","DEM",208,14.3053645116919
"255",255,"GILA",4609,3730,12,5,3713,2126,"BIDEN / HARRIS","DEM",633,17.0482089954215
"256",256,"GILA BEND",782,526,1,2,523,307,"TRUMP / PENCE","REP",95,18.1644359464627
"257",257,"GILBERT",3674,3084,10,5,3069,1599,"TRUMP / PENCE","REP",195,6.35386119257087
"258",258,"GILBERT GARDENS",5391,4430,1,7,4422,2195,"TRUMP / PENCE","REP",69,1.56037991858887
"259",259,"GLENCROFT",3137,2297,10,13,2274,1233,"BIDEN / HARRIS","DEM",244,10.7299912049252
"260",260,"GLENN",2156,1928,10,0,1918,1150,"BIDEN / HARRIS","DEM",403,21.0114702815433
"261",261,"GLENROSA",2255,1987,10,5,1972,1289,"BIDEN / HARRIS","DEM",633,32.0993914807302
"262",262,"GLENVIEW",3855,3260,23,5,3232,2123,"TRUMP / PENCE","REP",1080,33.4158415841584
"263",263,"GOLD DUST",1649,1452,6,1,1445,724,"BIDEN / HARRIS","DEM",39,2.69896193771626
"264",264,"GOLDEN EAGLE",4174,3861,22,5,3834,2335,"TRUMP / PENCE","REP",889,23.1872717788211
"265",265,"GOLDEN HILLS",5445,3969,10,11,3948,1983,"TRUMP / PENCE","REP",106,2.68490374873354
"266",266,"GOLDFIELD RANCH",263,233,2,1,230,164,"TRUMP / PENCE","REP",103,44.7826086956522
"267",267,"GOODYEAR",1786,1232,4,11,1217,730,"BIDEN / HARRIS","DEM",275,22.5965488907149
"268",268,"GRANADA",3744,2278,4,18,2256,1678,"BIDEN / HARRIS","DEM",1143,50.6648936170213
"269",269,"GRAND",4943,4629,25,12,4592,2589,"TRUMP / PENCE","REP",615,13.3928571428571
"270",270,"GRANITE FALLS",4600,4011,15,10,3986,2310,"TRUMP / PENCE","REP",690,17.3105870546914
"271",271,"GRANITE MOUNTAIN",4375,4074,25,1,4048,2702,"TRUMP / PENCE","REP",1404,34.6837944664032
"272",272,"GRAYHAWK",2524,2319,13,2,2304,1347,"TRUMP / PENCE","REP",418,18.1423611111111
"273",273,"GREENBRIAR",2994,2512,15,6,2491,1602,"TRUMP / PENCE","REP",757,30.3894018466479
"274",274,"GREENFIELD",2955,1944,7,19,1918,1526,"BIDEN / HARRIS","DEM",1161,60.5318039624609
"275",275,"GREENFIELD PARK",6046,4909,22,12,4875,2666,"TRUMP / PENCE","REP",598,12.2666666666667
"276",276,"GREENWAY",3786,3177,11,5,3161,1560,"TRUMP / PENCE","REP",13,0.411262258778867
"277",277,"GREYSTONE",1421,1286,9,5,1272,769,"TRUMP / PENCE","REP",276,21.6981132075472
"278",278,"GROVERS",3979,2709,10,10,2689,1369,"BIDEN / HARRIS","DEM",122,4.53700260319821
"279",279,"GROVES",4918,4170,26,7,4137,2444,"TRUMP / PENCE","REP",843,20.3770848440899
"280",280,"GUADALUPE",3157,1912,8,18,1886,1629,"BIDEN / HARRIS","DEM",1407,74.6023329798515
"281",281,"GUERRERO",3923,2408,10,14,2384,1540,"BIDEN / HARRIS","DEM",750,31.4597315436242
"282",282,"HADLEY",2501,1785,6,12,1767,1208,"BIDEN / HARRIS","DEM",687,38.8794567062818
"283",283,"HALL",3550,3153,20,8,3125,2041,"BIDEN / HARRIS","DEM",1019,32.608
"284",284,"HAPPY TRAILS",872,769,7,2,760,511,"TRUMP / PENCE","REP",269,35.3947368421053
"285",285,"HAPPY VALLEY",3051,2697,7,2,2688,1770,"TRUMP / PENCE","REP",881,32.7752976190476
"286",286,"HARMONT",4982,3256,7,22,3227,1904,"BIDEN / HARRIS","DEM",656,20.3284784629687
"287",287,"HARMONY PARK",4931,3867,16,4,3847,2139,"TRUMP / PENCE","REP",517,13.4390434104497
"288",288,"HARQUAHALA",158,116,1,0,115,69,"TRUMP / PENCE","REP",24,20.8695652173913
"289",289,"HARRIS",1268,968,2,2,964,502,"BIDEN / HARRIS","DEM",78,8.09128630705394
"290",290,"HARRISON",2015,1058,9,10,1039,851,"BIDEN / HARRIS","DEM",677,65.1588065447546
"291",291,"HASSAYAMPA",238,155,1,1,153,87,"TRUMP / PENCE","REP",23,15.0326797385621
"292",292,"HASTINGS",3733,3155,6,1,3148,1926,"TRUMP / PENCE","REP",764,24.2693773824651
"293",293,"HATCHER",2973,2235,6,8,2221,1315,"BIDEN / HARRIS","DEM",455,20.4862674470959
"294",294,"HAWES",3694,2438,9,4,2425,1468,"TRUMP / PENCE","REP",568,23.4226804123711
"295",295,"HAYDEN HIGH",2619,1360,6,10,1344,1120,"BIDEN / HARRIS","DEM",916,68.1547619047619
"296",296,"HERITAGE",4218,2856,16,15,2825,1688,"BIDEN / HARRIS","DEM",625,22.1238938053097
"297",297,"HERMOSA",4801,2949,13,22,2914,2430,"BIDEN / HARRIS","DEM",2001,68.6684969114619
"298",298,"HERMOSA VISTA",5802,5130,27,2,5101,3231,"TRUMP / PENCE","REP",1441,28.2493628700255
"299",299,"HICKIWAN",45,33,0,1,32,31,"BIDEN / HARRIS","DEM",30,93.75
"300",300,"HIDALGO",4529,3276,9,10,3257,2460,"BIDEN / HARRIS","DEM",1747,53.6383174700645
"301",301,"HIGHLAND",6736,5771,12,8,5751,3402,"TRUMP / PENCE","REP",1168,20.3095113893236
"302",302,"HIGLEY",6673,5761,17,5,5739,3272,"TRUMP / PENCE","REP",914,15.9261195330197
"303",303,"HILLCREST",2551,2269,15,9,2245,1296,"TRUMP / PENCE","REP",364,16.2138084632517
"304",304,"HILLERY",2640,2332,7,2,2323,1292,"TRUMP / PENCE","REP",294,12.656048213517
"305",305,"HILLVIEW",3419,3027,7,3,3017,1588,"TRUMP / PENCE","REP",211,6.99370235333112
"306",306,"HILTON",1142,668,2,3,663,502,"BIDEN / HARRIS","DEM",354,53.393665158371
"307",307,"HOHOKAM PARK",3284,2443,16,9,2418,1347,"BIDEN / HARRIS","DEM",352,14.5574855252275
"308",308,"HOLIDAY GARDENS",1493,937,4,5,928,699,"BIDEN / HARRIS","DEM",493,53.125
"309",309,"HOLIDAY PARK",4309,2707,10,20,2677,2019,"BIDEN / HARRIS","DEM",1399,52.2599925289503
"310",310,"HOLLIS",3318,2644,14,3,2627,1764,"BIDEN / HARRIS","DEM",973,37.0384468976018
"311",311,"HOLLY",1905,1342,5,3,1334,995,"BIDEN / HARRIS","DEM",688,51.5742128935532
"312",312,"HOLLYHOCK",3830,2171,12,12,2147,1675,"BIDEN / HARRIS","DEM",1251,58.2673497904052
"313",313,"HOLMES",4220,2515,8,21,2486,1939,"BIDEN / HARRIS","DEM",1420,57.1198712791633
"314",314,"HONDA",3738,2165,8,9,2148,1621,"BIDEN / HARRIS","DEM",1135,52.8398510242086
"315",315,"HOPE",4304,2797,18,24,2755,2219,"BIDEN / HARRIS","DEM",1722,62.5045372050817
"316",316,"HOPEVILLE",4687,3459,7,12,3440,1881,"TRUMP / PENCE","REP",404,11.7441860465116
"317",317,"HOPI",2887,2600,25,2,2573,1304,"TRUMP / PENCE","REP",64,2.48736883015935
"318",318,"HORIZON",5126,4486,18,3,4465,2309,"TRUMP / PENCE","REP",223,4.99440089585666
"319",319,"HUALAPAI",5229,4522,25,4,4493,2441,"TRUMP / PENCE","REP",436,9.70398397507233
"320",320,"HUBBELL",2145,1728,9,1,1718,954,"BIDEN / HARRIS","DEM",230,13.3876600698487
"321",321,"HUDSON",4162,2814,14,2,2798,2055,"BIDEN / HARRIS","DEM",1407,50.2859185132237
"322",322,"INDEPENDENCE",4133,2924,9,15,2900,1769,"BIDEN / HARRIS","DEM",694,23.9310344827586
"323",323,"INDIAN BEND",3082,2489,5,7,2477,1286,"BIDEN / HARRIS","DEM",149,6.01534113847396
"324",324,"INDIAN SPRINGS",5525,3594,8,12,3574,2417,"BIDEN / HARRIS","DEM",1401,39.199776161164
"325",325,"INDIAN WELLS",3364,2946,12,10,2924,1854,"TRUMP / PENCE","REP",821,28.077975376197
"326",326,"ISAAC",1593,921,5,9,907,702,"BIDEN / HARRIS","DEM",510,56.2293274531422
"327",327,"IVANHOE",7783,6643,30,10,6603,3420,"TRUMP / PENCE","REP",382,5.7852491291837
"328",328,"JACKRABBIT",3672,3191,15,2,3174,1631,"TRUMP / PENCE","REP",131,4.12728418399496
"329",329,"JANICE",2509,2084,5,3,2076,1125,"BIDEN / HARRIS","DEM",208,10.019267822736
"330",330,"JASMINE",1395,1261,5,4,1252,797,"TRUMP / PENCE","REP",353,28.1948881789137
"331",331,"JASPER",3450,2776,6,7,2763,1553,"BIDEN / HARRIS","DEM",401,14.5132102786826
"332",332,"JENTILLY",3681,2877,14,0,2863,1986,"BIDEN / HARRIS","DEM",1198,41.8442193503318
"333",333,"JOHN CABOT",3818,3156,9,5,3142,1838,"TRUMP / PENCE","REP",585,18.6187141947804
"334",334,"JULIE",4693,3666,14,5,3647,1937,"TRUMP / PENCE","REP",315,8.63723608445297
"335",335,"JUNIPER",1678,1355,5,3,1347,795,"TRUMP / PENCE","REP",273,20.2672605790646
"336",336,"JUPITER",3982,3356,12,6,3338,1976,"BIDEN / HARRIS","DEM",679,20.3415218693829
"337",337,"JUSTINE",3042,2712,10,1,2701,1420,"TRUMP / PENCE","REP",169,6.25694187338023
"338",338,"KACHINA",3618,3120,13,2,3105,1914,"BIDEN / HARRIS","DEM",775,24.9597423510467
"339",339,"KAIBAB",2315,2092,13,3,2076,1049,"TRUMP / PENCE","REP",52,2.50481695568401
"340",340,"KALER",5145,3641,15,23,3603,2036,"BIDEN / HARRIS","DEM",541,15.015265056897
"341",341,"KEIM",3722,2497,9,14,2474,1577,"BIDEN / HARRIS","DEM",736,29.749393694422
"342",342,"KENLY FARMS",6744,5553,19,11,5523,3172,"TRUMP / PENCE","REP",923,16.7119319210574
"343",343,"KIMBERLY",1750,1447,5,1,1441,882,"TRUMP / PENCE","REP",353,24.4968771686329
"344",344,"KINGS",3991,2988,9,9,2970,1583,"TRUMP / PENCE","REP",288,9.6969696969697
"345",345,"KIVA",1155,1007,6,0,1001,566,"TRUMP / PENCE","REP",137,13.6863136863137
"346",346,"KLEINMAN",6006,3791,10,15,3766,2381,"BIDEN / HARRIS","DEM",1109,29.4476898566118
"347",347,"KODIAK",1324,1181,5,5,1171,698,"TRUMP / PENCE","REP",235,20.068317677199
"348",348,"KOKOPELLI",5595,4569,16,7,4546,2863,"BIDEN / HARRIS","DEM",1273,28.002639683238
"349",349,"KOMATKE",948,444,5,2,437,392,"BIDEN / HARRIS","DEM",355,81.2356979405034
"350",350,"LA REATA",2195,1771,3,8,1760,935,"BIDEN / HARRIS","DEM",142,8.06818181818182
"351",351,"LA SOLANA",4519,4204,22,9,4173,2473,"TRUMP / PENCE","REP",795,19.0510424155284
"352",352,"LAKE PLEASANT",6678,6090,18,6,6066,3966,"TRUMP / PENCE","REP",1933,31.8661391361688
"353",353,"LAKEVIEW",1441,1295,6,5,1284,760,"TRUMP / PENCE","REP",245,19.0809968847352
"354",354,"LAKEWOOD",4452,3906,17,4,3885,2241,"BIDEN / HARRIS","DEM",650,16.7310167310167
"355",355,"LAMAR",1815,1604,13,0,1591,878,"BIDEN / HARRIS","DEM",200,12.5707102451288
"356",356,"LANTANA CANYON",6161,5390,17,4,5369,2696,"BIDEN / HARRIS","DEM",108,2.01154777425964
"357",357,"LAREDO",3840,3388,15,3,3370,1689,"BIDEN / HARRIS","DEM",78,2.31454005934718
"358",358,"LAS COLINAS",4955,4057,15,10,4032,2350,"TRUMP / PENCE","REP",771,19.1220238095238
"359",359,"LAS SENDAS",5421,4787,17,6,4764,2857,"TRUMP / PENCE","REP",1024,21.4945424013434
"360",360,"LASSEN",3897,2559,5,20,2534,1894,"BIDEN / HARRIS","DEM",1305,51.4996053670087
"361",361,"LAUREL",1858,1617,10,2,1605,871,"TRUMP / PENCE","REP",159,9.90654205607477
"362",362,"LAVEEN",3107,2060,5,13,2042,1564,"BIDEN / HARRIS","DEM",1115,54.6033300685602
"363",363,"LAVEEN MEADOWS",6870,5099,20,12,5067,3632,"BIDEN / HARRIS","DEM",2293,45.2536017367278
"364",364,"LAYTON LAKES",576,512,1,0,511,253,"TIE","TIE",0,0
"365",365,"LEHI",2709,2013,9,4,2000,1235,"TRUMP / PENCE","REP",516,25.8
"366",366,"LEISURE WORLD",2431,2239,10,9,2220,1328,"TRUMP / PENCE","REP",454,20.4504504504505
"367",367,"LEWIS",1527,1049,3,16,1030,799,"BIDEN / HARRIS","DEM",588,57.0873786407767
"368",368,"LIBBY",2395,1935,8,6,1921,1114,"TRUMP / PENCE","REP",355,18.4799583550234
"369",369,"LIBERTY",2886,2437,7,5,2425,1409,"TRUMP / PENCE","REP",436,17.979381443299
"370",370,"LINDNER",3127,2547,14,3,2530,1462,"TRUMP / PENCE","REP",444,17.5494071146245
"371",371,"LITCHFIELD",2189,1772,9,0,1763,870,"TRUMP / PENCE","REP",14,0.794100964265457
"372",372,"LOBO",3456,2916,8,4,2904,1685,"TRUMP / PENCE","REP",529,18.2162534435262
"373",373,"LOLA",3275,2696,12,8,2676,1339,"BIDEN / HARRIS","DEM",64,2.39162929745889
"374",374,"LOMA LINDA",3944,3128,7,7,3114,2190,"BIDEN / HARRIS","DEM",1324,42.5176621708414
"375",375,"LOMA VERDES",2171,1962,10,0,1952,1244,"TRUMP / PENCE","REP",554,28.3811475409836
"376",376,"LONE BUTTE",28,19,0,1,18,13,"BIDEN / HARRIS","DEM",8,44.4444444444444
"377",377,"LONE MOUNTAIN",7423,6753,27,7,6719,4154,"TRUMP / PENCE","REP",1685,25.0781366274743
"378",378,"LONESOME",3245,2144,5,15,2124,1601,"BIDEN / HARRIS","DEM",1125,52.9661016949153
"379",379,"LONGBOW",2812,2478,7,0,2471,1646,"TRUMP / PENCE","REP",863,34.9251315256981
"380",380,"LONGHORN",4487,3863,13,1,3849,2127,"BIDEN / HARRIS","DEM",468,12.1590023382697
"381",381,"LONGMORE",1825,1286,4,5,1277,825,"BIDEN / HARRIS","DEM",418,32.7329678935004
"382",382,"LOOKOUT RIDGE",2998,2620,12,1,2607,1366,"BIDEN / HARRIS","DEM",153,5.86881472957422
"383",383,"LOS ALAMOS",3323,2670,17,1,2652,1673,"TRUMP / PENCE","REP",772,29.1101055806938
"384",384,"LOS GATOS",4409,3838,23,3,3812,2248,"TRUMP / PENCE","REP",741,19.4386149003148
"385",385,"LOWELL",1745,1019,4,7,1008,777,"BIDEN / HARRIS","DEM",560,55.5555555555556
"386",386,"LUDDEN",7692,6017,17,16,5984,3389,"TRUMP / PENCE","REP",900,15.0401069518717
"387",387,"LUKE",3858,2565,12,19,2534,1731,"BIDEN / HARRIS","DEM",980,38.6740331491713
"388",388,"LUKE FIELD",3054,2240,4,5,2231,1174,"BIDEN / HARRIS","DEM",164,7.35096369341103
"389",389,"LYNWOOD",2781,1593,6,23,1564,1278,"BIDEN / HARRIS","DEM",1018,65.0895140664962
"390",390,"MADISON HEIGHTS",1995,1828,9,0,1819,1009,"BIDEN / HARRIS","DEM",222,12.2045079714129
"391",391,"MADISON PARK",4578,3657,12,2,3643,2695,"BIDEN / HARRIS","DEM",1850,50.7823222618721
"392",392,"MADRID",3328,1831,4,12,1815,1413,"BIDEN / HARRIS","DEM",1058,58.2920110192837
"393",393,"MAGGIE",2283,1812,5,8,1799,997,"TRUMP / PENCE","REP",245,13.6186770428016
"394",394,"MAGIC STONE",6038,5109,28,1,5080,3003,"BIDEN / HARRIS","DEM",1036,20.3937007874016
"395",395,"MAJESTY",4044,3419,14,3,3402,2078,"TRUMP / PENCE","REP",819,24.0740740740741
"396",396,"MANDALAY",3526,2607,8,10,2589,1306,"TRUMP / PENCE","REP",92,3.55349555813055
"397",397,"MANISTEE",2820,1769,5,10,1754,1130,"BIDEN / HARRIS","DEM",540,30.7867730900798
"398",398,"MANZANITA",2030,1402,7,3,1392,765,"BIDEN / HARRIS","DEM",175,12.5718390804598
"399",399,"MARICOPA",3228,2583,16,0,2567,1420,"BIDEN / HARRIS","DEM",333,12.9723412543825
"400",400,"MARIGOLD",2399,1702,4,6,1692,885,"BIDEN / HARRIS","DEM",120,7.09219858156028
"401",401,"MARIPOSA",3204,2258,16,8,2234,1393,"BIDEN / HARRIS","DEM",597,26.7233661593554
"402",402,"MARIVUE",4457,2601,5,20,2576,1990,"BIDEN / HARRIS","DEM",1453,56.4052795031056
"403",403,"MARLETTE",4495,3535,12,12,3511,2372,"BIDEN / HARRIS","DEM",1305,37.1688977499288
"404",404,"MARLEY PARK",3702,3103,12,3,3088,1654,"TRUMP / PENCE","REP",285,9.22927461139896
"405",405,"MARTIN",1126,786,1,3,782,501,"TRUMP / PENCE","REP",239,30.5626598465473
"406",406,"MARYLAND",1983,1466,5,6,1455,1014,"BIDEN / HARRIS","DEM",603,41.4432989690722
"407",407,"MARYVALE",3434,2086,7,23,2056,1524,"BIDEN / HARRIS","DEM",1030,50.0972762645914
"408",408,"MAYFLOWER",4496,3592,10,13,3569,2332,"BIDEN / HARRIS","DEM",1153,32.3059680582796
"409",409,"MCAFEE PLACE",1493,995,5,0,990,583,"BIDEN / HARRIS","DEM",221,22.3232323232323
"410",410,"MCCORMICK RANCH",6349,5525,24,5,5496,2788,"BIDEN / HARRIS","DEM",150,2.7292576419214
"411",411,"MCDONALD",1051,881,2,1,878,484,"BIDEN / HARRIS","DEM",102,11.6173120728929
"412",412,"MCDOWELL",2312,1901,7,2,1892,1563,"BIDEN / HARRIS","DEM",1268,67.0190274841438
"413",413,"SUPAI",4013,3158,6,7,3145,1790,"BIDEN / HARRIS","DEM",509,16.1844197138315
"414",414,"MCKEMY",3736,3286,16,9,3261,1861,"BIDEN / HARRIS","DEM",534,16.3753449862006
"415",415,"MCQUEEN",8121,7082,18,21,7043,3727,"TRUMP / PENCE","REP",512,7.26962941928156
"416",416,"MEGAN",7240,6079,30,7,6042,3217,"TRUMP / PENCE","REP",563,9.31810658722277
"417",417,"MESA GRAND",1524,1196,5,4,1187,682,"TRUMP / PENCE","REP",216,18.1971356360573
"418",418,"MESA LINDA",3077,2031,10,6,2015,1092,"BIDEN / HARRIS","DEM",220,10.9181141439206
"419",419,"MESA VISTA",3710,3041,11,5,3025,1514,"TRUMP / PENCE","REP",98,3.2396694214876
"420",420,"MESQUITE",8003,6707,10,5,6692,4098,"TRUMP / PENCE","REP",1637,24.4620442319187
"421",421,"METRO",2471,1546,9,3,1534,927,"BIDEN / HARRIS","DEM",360,23.4680573663625
"422",422,"MICHELLE",1643,1290,6,1,1283,686,"TRUMP / PENCE","REP",118,9.19719407638348
"423",423,"MIMOSA",3671,3268,8,15,3245,1976,"TRUMP / PENCE","REP",734,22.6194144838213
"424",424,"MINNEZONA",2056,1173,4,6,1163,865,"BIDEN / HARRIS","DEM",592,50.9028374892519
"425",425,"MIRADA",5714,4595,26,6,4563,2288,"BIDEN / HARRIS","DEM",92,2.01621740083279
"426",426,"MISSION",3804,3158,16,2,3140,1650,"BIDEN / HARRIS","DEM",253,8.05732484076433
"427",427,"MITCHELL PARK",2387,1897,8,1,1888,1468,"BIDEN / HARRIS","DEM",1096,58.0508474576271
"428",428,"MOBILE",61,47,0,0,47,33,"TRUMP / PENCE","REP",20,42.5531914893617
"429",429,"MOHAVE",3881,3202,23,1,3178,1688,"BIDEN / HARRIS","DEM",256,8.05538074260541
"430",430,"MOHAWK",2489,1884,11,3,1870,1090,"TRUMP / PENCE","REP",341,18.2352941176471
"431",431,"MONROE",3530,2529,6,9,2514,1869,"BIDEN / HARRIS","DEM",1288,51.2330946698488
"432",432,"MONTE CRISTO",4619,4123,18,5,4100,2119,"BIDEN / HARRIS","DEM",215,5.24390243902439
"433",433,"MONTE VISTA",2012,1191,6,10,1175,924,"BIDEN / HARRIS","DEM",694,59.063829787234
"434",434,"MONTEBELLO",2474,1404,5,11,1388,964,"BIDEN / HARRIS","DEM",573,41.2824207492795
"435",435,"MONTOYA",4556,4022,15,4,4003,2551,"TRUMP / PENCE","REP",1141,28.5036222832875
"436",436,"MOON VALLEY",2928,2524,24,0,2500,1307,"TRUMP / PENCE","REP",149,5.96
"437",437,"MORRISTOWN",963,766,0,2,764,574,"TRUMP / PENCE","REP",399,52.2251308900523
"438",438,"MOUNTAIN SKY",4423,3662,11,7,3644,1960,"BIDEN / HARRIS","DEM",345,9.46761800219539
"439",439,"MOUNTAIN VISTA",5711,5056,13,3,5040,3383,"TRUMP / PENCE","REP",1794,35.5952380952381
"440",440,"MUMMY MOUNTAIN",4029,3563,15,2,3546,1941,"BIDEN / HARRIS","DEM",391,11.0265087422448
"441",441,"MUSKET",6834,5560,18,6,5536,3123,"BIDEN / HARRIS","DEM",827,14.9385838150289
"442",442,"MUSTANG",4417,3824,14,3,3807,1917,"TRUMP / PENCE","REP",82,2.15392697662201
"443",443,"MYSTIC",4591,3851,16,4,3831,1937,"TRUMP / PENCE","REP",110,2.87131297311407
"444",444,"NEW RIVER",4827,4141,15,7,4119,2991,"TRUMP / PENCE","REP",1918,46.5647001699442
"445",445,"NICOLET",2897,1973,10,2,1961,1128,"BIDEN / HARRIS","DEM",342,17.440081591025
"446",446,"NIGHTINGALE",3338,2915,9,3,2903,1429,"TRUMP / PENCE","REP",7,0.241129865656218
"447",447,"NORTERRA",8646,7435,29,11,7395,4076,"TRUMP / PENCE","REP",884,11.9540229885057
"448",448,"NORTH HIGH",3040,2563,13,3,2547,1995,"BIDEN / HARRIS","DEM",1487,58.3824106792305
"449",449,"NORTON",507,462,2,0,460,269,"BIDEN / HARRIS","DEM",82,17.8260869565217
"450",450,"OAK PARK",1429,882,3,1,878,554,"BIDEN / HARRIS","DEM",255,29.0432801822323
"451",451,"OAKGROVE",1907,1625,11,0,1614,930,"BIDEN / HARRIS","DEM",276,17.1003717472119
"452",452,"OAKHURST",1114,988,7,1,980,540,"TRUMP / PENCE","REP",123,12.5510204081633
"453",453,"OAKTREE",4492,4035,18,6,4011,2252,"BIDEN / HARRIS","DEM",561,13.9865370231862
"454",454,"OAKWOOD COUNTRY CLUB",4878,4483,21,8,4454,2669,"TRUMP / PENCE","REP",916,20.5657835653345
"455",455,"OASIS",6921,5859,29,15,5815,3526,"TRUMP / PENCE","REP",1330,22.871883061049
"456",456,"OCOTILLO",1838,1234,4,4,1226,795,"BIDEN / HARRIS","DEM",394,32.137030995106
"457",457,"OLD WEST",3821,2791,9,3,2779,1362,"BIDEN / HARRIS","DEM",44,1.58330334652753
"458",458,"OLIVE",2587,2263,10,13,2240,1317,"TRUMP / PENCE","REP",410,18.3035714285714
"459",459,"OLNEY",3300,2764,14,5,2745,1787,"BIDEN / HARRIS","DEM",883,32.1675774134791
"460",460,"ONYX",2380,2144,9,1,2134,1242,"BIDEN / HARRIS","DEM",388,18.1818181818182
"461",461,"OPTIMIST",3723,3298,21,5,3272,2002,"BIDEN / HARRIS","DEM",806,24.6332518337408
"462",462,"ORANGE TREE",1413,1243,2,2,1239,697,"TRUMP / PENCE","REP",170,13.7207425343019
"463",463,"ORANGEWOOD",2285,1855,13,12,1830,1183,"BIDEN / HARRIS","DEM",569,31.0928961748634
"464",464,"ORANGEWOOD FARMS",8352,6380,22,17,6341,3269,"TRUMP / PENCE","REP",314,4.95190033117805
"465",465,"ORME",4819,3669,10,26,3633,2339,"BIDEN / HARRIS","DEM",1130,31.1037709881641
"466",466,"OSUNA PARK",4073,3038,12,9,3017,1620,"BIDEN / HARRIS","DEM",298,9.87736161750083
"467",467,"OVAL",4357,4103,14,10,4079,2379,"TRUMP / PENCE","REP",752,18.4358911497916
"468",468,"PAINTED MOUNTAIN",2706,2302,11,6,2285,1337,"TRUMP / PENCE","REP",433,18.9496717724289
"469",469,"PAIUTE",4817,3857,7,7,3843,2312,"BIDEN / HARRIS","DEM",858,22.3263075722092
"470",470,"PALISADES",3022,2796,14,5,2777,1629,"TRUMP / PENCE","REP",516,18.5812027367663
"471",471,"PALM GARDENS",533,327,1,1,325,178,"BIDEN / HARRIS","DEM",40,12.3076923076923
"472",472,"PALM VALLEY",2558,2158,9,7,2142,1107,"TRUMP / PENCE","REP",111,5.18207282913165
"473",473,"PALMAIRE",1508,1343,11,4,1328,814,"BIDEN / HARRIS","DEM",322,24.2469879518072
"474",474,"PALMBROOK",4480,3541,14,7,3520,1981,"BIDEN / HARRIS","DEM",522,14.8295454545455
"475",475,"PALMDALE",3336,2002,6,7,1989,1581,"BIDEN / HARRIS","DEM",1212,60.9351432880845
"476",476,"PALMER",3797,2892,14,3,2875,1940,"BIDEN / HARRIS","DEM",1097,38.1565217391304
"477",477,"PALO BLANCO",3363,2894,12,7,2875,1505,"TRUMP / PENCE","REP",194,6.74782608695652
"478",478,"PALO CRISTI",2492,2248,17,2,2229,1227,"TRUMP / PENCE","REP",247,11.0812023328847
"479",479,"PALO VERDE",5801,4337,17,9,4311,2224,"BIDEN / HARRIS","DEM",242,5.61354674089538
"480",480,"PALOMINO",4598,3194,15,7,3172,1816,"BIDEN / HARRIS","DEM",531,16.7402269861286
"481",481,"PAPAGO PARK",2214,1635,10,4,1621,1154,"BIDEN / HARRIS","DEM",735,45.3423812461444
"482",482,"PARADA",2870,2215,2,8,2205,1712,"BIDEN / HARRIS","DEM",1261,57.18820861678
"483",483,"PARADISE",1718,1282,3,2,1277,722,"TRUMP / PENCE","REP",195,15.2701644479248
"484",484,"PARADISE PARK",2789,2264,7,3,2254,1116,"TRUMP / PENCE","REP",25,1.10913930789707
"485",485,"PARK CENTRAL",5979,4919,14,7,4898,3776,"BIDEN / HARRIS","DEM",2752,56.1861984483463
"486",486,"PARK MEADOWS",1534,1334,9,1,1324,735,"TRUMP / PENCE","REP",168,12.6888217522659
"487",487,"PARKRIDGE",4911,4213,17,2,4194,2484,"TRUMP / PENCE","REP",850,20.2670481640439
"488",488,"PARKWOOD",4734,4061,18,10,4033,2581,"TRUMP / PENCE","REP",1218,30.2008430448797
"489",489,"PEAK VIEW",2771,2532,12,1,2519,1607,"TRUMP / PENCE","REP",716,28.4239777689559
"490",490,"PEBBLE CREEK",8194,7661,40,15,7606,4391,"TRUMP / PENCE","REP",1223,16.0794109913226
"491",491,"PECK",2120,1183,2,10,1171,818,"BIDEN / HARRIS","DEM",490,41.8445772843723
"492",492,"PECOS",5307,4592,21,6,4565,2425,"BIDEN / HARRIS","DEM",360,7.88608981380066
"493",493,"PEE-POSH",417,231,1,0,230,196,"BIDEN / HARRIS","DEM",166,72.1739130434783
"494",494,"PEGASUS",2542,2173,12,2,2159,1250,"TRUMP / PENCE","REP",403,18.6660490968041
"495",495,"PENA",2993,1972,4,21,1947,1458,"BIDEN / HARRIS","DEM",998,51.2583461736004
"496",496,"PENNY LANE",1487,975,2,6,967,628,"BIDEN / HARRIS","DEM",317,32.7817993795243
"497",497,"PEORIA HEIGHTS",3192,2109,3,9,2097,1193,"BIDEN / HARRIS","DEM",346,16.4997615641392
"498",498,"PEPPERWOOD",3621,2858,9,11,2838,1987,"BIDEN / HARRIS","DEM",1225,43.1642001409443
"499",499,"PERRY PARK",2563,1831,7,12,1812,1287,"BIDEN / HARRIS","DEM",807,44.5364238410596
"500",500,"PHELPS",2568,2109,8,3,2098,1285,"TRUMP / PENCE","REP",521,24.8331744518589
"501",501,"PICADILLY",2538,2137,10,1,2126,1205,"BIDEN / HARRIS","DEM",330,15.52210724365
"502",502,"PIERCE",2352,1768,7,4,1757,1164,"BIDEN / HARRIS","DEM",624,35.5150825270347
"503",503,"PILGRIM",6295,4728,16,28,4684,2365,"TRUMP / PENCE","REP",130,2.77540563620837
"504",504,"PIMA",3059,2601,9,1,2591,1357,"BIDEN / HARRIS","DEM",173,6.6769587032034
"505",505,"PINE VALLEY",3765,3240,17,2,3221,1740,"TRUMP / PENCE","REP",296,9.18969264203663
"506",506,"PINNACLE PEAK",7212,6644,35,6,6603,4184,"TRUMP / PENCE","REP",1828,27.6843858852037
"507",507,"PINNACLE WEST",3392,3112,22,3,3087,1773,"TRUMP / PENCE","REP",482,15.6138645934564
"508",508,"PINON",4944,4056,17,7,4032,2013,"BIDEN / HARRIS","DEM",100,2.48015873015873
"509",509,"PINTO",3430,3090,15,3,3072,1574,"BIDEN / HARRIS","DEM",134,4.36197916666667
"510",510,"PIONEER",1841,1573,9,3,1561,931,"TRUMP / PENCE","REP",330,21.1402946828956
"511",511,"POCO BUENO",4506,3791,13,3,3775,2006,"TRUMP / PENCE","REP",308,8.15894039735099
"512",512,"POINCIANA",2818,2428,13,5,2410,1526,"TRUMP / PENCE","REP",679,28.1742738589212
"513",513,"POINSETTIA",1064,902,4,1,897,461,"TRUMP / PENCE","REP",35,3.90189520624303
"514",514,"PONDEROSA",2276,1734,5,3,1726,872,"BIDEN / HARRIS","DEM",62,3.59212050984936
"515",515,"PORT ROYALE",3004,2165,6,5,2154,1179,"BIDEN / HARRIS","DEM",256,11.8848653667595
"516",516,"PORTER",3111,2262,10,3,2249,1181,"TRUMP / PENCE","REP",196,8.71498443752779
"517",517,"PORTOBELLO",5388,4251,16,17,4218,2409,"TRUMP / PENCE","REP",689,16.33475580844
"518",518,"POWER RANCH",5994,5044,18,7,5019,2674,"TRUMP / PENCE","REP",438,8.72683801554094
"519",519,"PUEBLO",5152,4153,13,6,4134,2379,"BIDEN / HARRIS","DEM",702,16.9811320754717
"520",520,"PURPLE SAGE",4695,3584,14,16,3554,1935,"BIDEN / HARRIS","DEM",379,10.6640405177265
"521",521,"PYRAMID PEAK",8946,7895,33,3,7859,4625,"TRUMP / PENCE","REP",1514,19.2645374729609
"522",522,"QUAIL RUN",5365,4760,10,5,4745,2330,"BIDEN / HARRIS","DEM",1,0.0210748155953635
"523",523,"QUEEN CREEK",5054,4450,21,4,4425,3157,"TRUMP / PENCE","REP",1958,44.2485875706215
"524",524,"RAINBOW VALLEY",2488,1803,6,4,1793,1143,"TRUMP / PENCE","REP",524,29.2247629670943
"525",525,"RANCHO",4091,3527,21,3,3503,2385,"BIDEN / HARRIS","DEM",1351,38.5669426206109
"526",526,"RANCHO MIRAGE",5860,4201,15,20,4166,2183,"BIDEN / HARRIS","DEM",290,6.96111377820451
"527",527,"RANCHO PALOMA",3262,2949,10,3,2936,1812,"TRUMP / PENCE","REP",717,24.4209809264305
"528",528,"READE",2031,1315,6,7,1302,897,"BIDEN / HARRIS","DEM",520,39.9385560675883
"529",529,"RED MOUNTAIN",4027,3474,16,2,3456,1970,"TRUMP / PENCE","REP",550,15.9143518518519
"530",530,"REDDEN",1922,1650,7,6,1637,1006,"BIDEN / HARRIS","DEM",422,25.7788637751985
"531",531,"REDWING",3621,2979,12,6,2961,1616,"BIDEN / HARRIS","DEM",334,11.2799729821006
"532",532,"REED PARK",1809,1228,5,6,1217,700,"BIDEN / HARRIS","DEM",217,17.8307313064914
"533",533,"REEMS",7802,6363,11,17,6335,3593,"TRUMP / PENCE","REP",991,15.6432517758485
"534",534,"RHODES",1782,1502,12,3,1487,777,"BIDEN / HARRIS","DEM",99,6.6577000672495
"535",535,"RIATA",2627,2132,9,0,2123,1154,"TRUMP / PENCE","REP",240,11.3047574187471
"536",536,"RIMROCK",2422,2260,8,4,2248,1286,"TRUMP / PENCE","REP",356,15.8362989323843
"537",537,"RIO MONTANA",2663,2389,10,0,2379,1301,"TRUMP / PENCE","REP",245,10.2984447246742
"538",538,"RIO PASEO",3614,3076,9,2,3065,1520,"BIDEN / HARRIS","DEM",34,1.10929853181077
"539",539,"RIO SALADO",4563,3472,9,7,3456,2463,"BIDEN / HARRIS","DEM",1596,46.1805555555556
"540",540,"RIO VERDE",5612,5086,26,7,5053,3519,"TRUMP / PENCE","REP",2029,40.1543637443103
"541",541,"RITTENHOUSE",9590,8720,22,10,8688,5805,"TRUMP / PENCE","REP",3075,35.3936464088398
"542",542,"RIVERSIDE",4716,2823,6,23,2794,2165,"BIDEN / HARRIS","DEM",1592,56.9792412312097
"543",543,"RIVERVIEW",3882,2956,10,4,2942,1738,"BIDEN / HARRIS","DEM",639,21.7199184228416
"544",544,"RIVIERA",1939,1568,10,0,1558,853,"TRUMP / PENCE","REP",181,11.617458279846
"545",545,"ROADRUNNER",1859,1086,4,19,1063,822,"BIDEN / HARRIS","DEM",598,56.2558795860771
"546",546,"ROCKLEDGE",4237,3747,14,1,3732,2002,"BIDEN / HARRIS","DEM",340,9.11039657020364
"547",547,"ROCKWOOD",1451,1221,4,2,1215,637,"BIDEN / HARRIS","DEM",90,7.40740740740741
"548",548,"ROESER",5071,3394,17,28,3349,2595,"BIDEN / HARRIS","DEM",1914,57.1513884741714
"549",549,"ROLLING HILLS",3767,3065,12,5,3048,1998,"BIDEN / HARRIS","DEM",1049,34.4160104986877
"550",550,"ROMA",5694,3906,9,24,3873,2714,"BIDEN / HARRIS","DEM",1614,41.6731216111541
"551",551,"ROSE",5730,4280,15,17,4248,2069,"BIDEN / HARRIS","DEM",9,0.211864406779661
"552",552,"ROSE GARDEN",2880,2183,16,3,2164,1058,"TRUMP / PENCE","REP",1,0.0462107208872458
"553",553,"ROTARY PARK",3998,3326,27,4,3295,1994,"BIDEN / HARRIS","DEM",764,23.1866464339909
"554",554,"ROVEY",2868,2518,9,3,2506,1567,"BIDEN / HARRIS","DEM",666,26.5762170790104
"555",555,"ROYAL OAK",2815,2394,3,15,2376,1256,"TRUMP / PENCE","REP",158,6.64983164983165
"556",556,"RUBY",5463,4259,19,14,4226,2930,"BIDEN / HARRIS","DEM",1719,40.6767628963559
"557",557,"SADDLE RIDGE",3772,3345,15,14,3316,2066,"TRUMP / PENCE","REP",838,25.2714113389626
"558",558,"SAGEBRUSH",6737,5825,18,12,5795,3419,"TRUMP / PENCE","REP",1155,19.9309749784297
"559",559,"SAGUARO",3857,3537,18,2,3517,2183,"TRUMP / PENCE","REP",882,25.0781916406028
"560",560,"SAHUARO RANCH",2440,1795,10,5,1780,874,"TRUMP / PENCE","REP",7,0.393258426966292
"561",561,"SALOME",630,481,0,1,480,365,"TRUMP / PENCE","REP",261,54.375
"562",562,"SALT RIVER",3064,2514,7,4,2503,1401,"BIDEN / HARRIS","DEM",345,13.7834598481822
"563",563,"SAN ANGELO",2905,2342,10,2,2330,1330,"TRUMP / PENCE","REP",380,16.3090128755365
"564",564,"SAN LUCY",150,81,0,0,81,74,"BIDEN / HARRIS","DEM",67,82.7160493827161
"565",565,"SAN MARCOS",3157,2312,8,11,2293,1406,"BIDEN / HARRIS","DEM",576,25.119930222416
"566",566,"SAN MICHELLE",5876,4747,11,14,4722,2603,"TRUMP / PENCE","REP",596,12.6217704362558
"567",567,"SAN MIGUEL",1617,1174,2,4,1168,703,"BIDEN / HARRIS","DEM",267,22.8595890410959
"568",568,"SAN MONTEGO",345,261,0,0,261,132,"TRUMP / PENCE","REP",8,3.06513409961686
"569",569,"SAN PEDRO",2054,1694,6,2,1686,892,"BIDEN / HARRIS","DEM",142,8.42230130486358
"570",570,"SAN SIMON",1518,1325,5,2,1318,675,"BIDEN / HARRIS","DEM",50,3.79362670713202
"571",571,"SAN VICTOR",2734,2297,9,7,2281,1128,"BIDEN / HARRIS","DEM",15,0.657606313020605
"572",572,"SANDIA",3165,2725,7,4,2714,1621,"BIDEN / HARRIS","DEM",579,21.3338246131172
"573",573,"SANDPIPER",2827,2470,12,1,2457,1376,"TRUMP / PENCE","REP",326,13.2682132682133
"574",574,"SANTA FE",2364,1898,6,7,1885,964,"BIDEN / HARRIS","DEM",82,4.3501326259947
"575",575,"SANTA MARIA",2015,1369,5,8,1356,974,"BIDEN / HARRIS","DEM",623,45.9439528023599
"576",576,"SANTAN",2625,2244,18,3,2223,1607,"TRUMP / PENCE","REP",1035,46.5587044534413
"577",577,"SANTO",3125,2719,14,1,2704,1424,"TRUMP / PENCE","REP",175,6.47189349112426
"578",578,"SARATOGA",2213,1954,7,12,1935,1043,"TRUMP / PENCE","REP",166,8.57881136950904
"579",579,"SARIVAL",3503,2740,10,5,2725,1631,"TRUMP / PENCE","REP",576,21.1376146788991
"580",580,"SCOTTSDALE",5574,4618,19,1,4598,2298,"BIDEN / HARRIS","DEM",78,1.69638973466725
"581",581,"SCUDDER",4036,3495,8,3,3484,2140,"BIDEN / HARRIS","DEM",870,24.9712973593571
"582",582,"SENNIA VISTA",4439,2977,10,23,2944,2162,"BIDEN / HARRIS","DEM",1431,48.6073369565217
"583",583,"SENTINEL",72,56,0,1,55,32,"TRUMP / PENCE","REP",9,16.3636363636364
"584",584,"SENTRY",3631,3117,19,1,3097,1528,"BIDEN / HARRIS","DEM",10,0.322893122376493
"585",585,"SEVILLA",5692,3633,8,37,3588,2455,"BIDEN / HARRIS","DEM",1393,38.8238573021182
"586",586,"SEVILLE",6700,5792,31,7,5754,3457,"TRUMP / PENCE","REP",1259,21.8804310045186
"587",587,"SHADOW ROCK",2729,2400,24,1,2375,1262,"BIDEN / HARRIS","DEM",183,7.70526315789474
"588",588,"SHADY GLEN",2561,1852,8,1,1843,951,"TRUMP / PENCE","REP",111,6.02278893109061
"589",589,"SHALIMAR",2621,2190,8,1,2181,1336,"BIDEN / HARRIS","DEM",543,24.8968363136176
"590",590,"SHASTA",3128,2801,5,14,2782,1660,"TRUMP / PENCE","REP",559,20.0934579439252
"591",591,"SHAW BUTTE",3506,2573,12,9,2552,1352,"BIDEN / HARRIS","DEM",222,8.69905956112853
"592",592,"SHEA",1959,1694,11,4,1679,866,"BIDEN / HARRIS","DEM",85,5.06253722453842
"593",593,"SHEENA",3291,2817,16,5,2796,1464,"BIDEN / HARRIS","DEM",159,5.68669527896996
"594",594,"SIERRA HILLS",3637,3331,20,2,3309,1832,"TRUMP / PENCE","REP",385,11.6349350256875
"595",595,"SIERRA MADRE",3775,3074,13,3,3058,1589,"TRUMP / PENCE","REP",195,6.37671680837148
"596",596,"SIERRA PASS",4845,4351,25,4,4322,2191,"BIDEN / HARRIS","DEM",121,2.79962980101805
"597",597,"SIERRA VERDE",2227,1879,11,3,1865,1017,"TRUMP / PENCE","REP",200,10.7238605898123
"598",598,"SIERRA VISTA",3233,2255,15,17,2223,1760,"BIDEN / HARRIS","DEM",1344,60.4588394062078
"599",599,"SIESTA",1568,1323,1,6,1316,723,"TRUMP / PENCE","REP",158,12.0060790273556
"600",600,"SILVER SPUR",5018,4418,24,6,4388,2323,"TRUMP / PENCE","REP",296,6.74567000911577
"601",601,"SILVERADO",5459,3707,12,25,3670,2652,"BIDEN / HARRIS","DEM",1727,47.0572207084469
"602",602,"SIMIS",3100,2737,17,6,2714,1735,"BIDEN / HARRIS","DEM",808,29.7715549005158
"603",603,"SKY HAWK",1429,1299,7,11,1281,827,"TRUMP / PENCE","REP",381,29.7423887587822
"604",604,"SKY VIEW",2431,1890,11,1,1878,1033,"TRUMP / PENCE","REP",223,11.8743343982961
"605",605,"SMP 1",2,2,0,0,2,1,"TIE","TIE",0,0
"606",606,"SMP 2",7,5,0,0,5,3,"BIDEN / HARRIS","DEM",1,20
"607",607,"SMP 3",24,24,0,0,24,12,"TRUMP / PENCE","REP",1,4.16666666666667
"608",608,"SOLANO",3908,3099,15,14,3070,2199,"BIDEN / HARRIS","DEM",1399,45.5700325732899
"609",609,"SOLCITO",1395,1290,4,2,1284,770,"BIDEN / HARRIS","DEM",277,21.5732087227414
"610",610,"SOLEDAD",4571,2869,6,19,2844,1760,"BIDEN / HARRIS","DEM",762,26.7932489451477
"611",611,"SONOQUI",5785,5156,22,3,5131,3689,"TRUMP / PENCE","REP",2338,45.5661664392906
"612",612,"SOSSAMAN",8329,7314,21,5,7288,4846,"TRUMP / PENCE","REP",2537,34.8106476399561
"613",613,"SOUTH MTN HIGH",3143,1903,6,19,1878,1478,"BIDEN / HARRIS","DEM",1122,59.7444089456869
"614",614,"SOUTH MTN PARK",296,258,1,0,257,161,"BIDEN / HARRIS","DEM",69,26.8482490272374
"615",615,"SOUTHERN",4060,2587,8,28,2551,2084,"BIDEN / HARRIS","DEM",1670,65.4645237161897
"616",616,"SPANISH GARDEN",2380,2041,5,7,2029,1210,"TRUMP / PENCE","REP",414,20.4041399704288
"617",617,"SPRINGS",1851,1537,6,0,1531,844,"BIDEN / HARRIS","DEM",190,12.4101894186806
"618",618,"SPRUCE",1364,792,2,4,786,488,"BIDEN / HARRIS","DEM",214,27.2264631043257
"619",619,"SPUR",5785,4889,19,6,4864,2555,"TRUMP / PENCE","REP",350,7.19572368421053
"620",620,"SPUR CROSS",110,97,0,0,97,68,"TRUMP / PENCE","REP",41,42.2680412371134
"621",621,"ST CHRISTOPHER",1414,1208,5,10,1193,688,"TRUMP / PENCE","REP",187,15.674769488684
"622",622,"ST FRANCIS",2185,1686,6,6,1674,1070,"BIDEN / HARRIS","DEM",514,30.7048984468339
"623",623,"ST MORITZ",2642,2066,6,4,2056,1111,"TRUMP / PENCE","REP",210,10.2140077821012
"624",624,"STARDUST",1424,1268,5,4,1259,764,"TRUMP / PENCE","REP",278,22.0810166799047
"625",625,"STARLIGHT",2389,1446,6,19,1421,1032,"BIDEN / HARRIS","DEM",664,46.7276565798733
"626",626,"STELLA",2987,1783,10,11,1762,1174,"BIDEN / HARRIS","DEM",620,35.1872871736663
"627",627,"STELLAR",4893,4199,21,5,4173,2306,"BIDEN / HARRIS","DEM",524,12.5569134914929
"628",628,"STONEGATE",2044,1844,9,1,1834,1025,"TRUMP / PENCE","REP",236,12.8680479825518
"629",629,"STRADA",95,69,0,0,69,40,"BIDEN / HARRIS","DEM",12,17.3913043478261
"630",630,"STUMP",7748,5437,10,34,5393,3977,"BIDEN / HARRIS","DEM",2647,49.082143519377
"631",631,"SUMMERSTAR",1388,1250,9,9,1232,698,"TRUMP / PENCE","REP",171,13.8798701298701
"632",632,"SUN AIRE",4530,3697,24,14,3659,1938,"TRUMP / PENCE","REP",271,7.40639518994261
"633",633,"SUN CITY",2966,2568,11,15,2542,1500,"TRUMP / PENCE","REP",481,18.9221085759245
"634",634,"SUN DEVIL",1820,1417,3,1,1413,952,"BIDEN / HARRIS","DEM",533,37.721160651097
"635",635,"SUN GROVES",3896,3308,6,11,3291,1706,"TRUMP / PENCE","REP",161,4.89213005165603
"636",636,"SUN LAKES COUNTRY CLUB",2493,2163,8,5,2150,1264,"TRUMP / PENCE","REP",398,18.5116279069767
"637",637,"SUN TRAILS",5322,4135,26,4,4105,2343,"TRUMP / PENCE","REP",708,17.2472594397077
"638",638,"SUNBURST",2335,1788,13,5,1770,895,"TRUMP / PENCE","REP",71,4.01129943502825
"639",639,"SUNCLIFF",4976,3792,13,13,3766,1855,"TRUMP / PENCE","REP",11,0.292087095061073
"640",640,"SUNDANCE",2323,1689,7,2,1680,846,"TRUMP / PENCE","REP",51,3.03571428571429
"641",641,"SUNDANCE WEST",5397,4039,11,8,4020,2036,"TRUMP / PENCE","REP",136,3.38308457711443
"642",642,"SUNDOWN",2589,2296,13,3,2280,1157,"TRUMP / PENCE","REP",61,2.67543859649123
"643",643,"SUNFLOWER",7,7,0,0,7,7,"TRUMP / PENCE","REP",7,100
"644",644,"SUNLAND",3191,1909,10,16,1883,1477,"BIDEN / HARRIS","DEM",1115,59.2140201805629
"645",645,"SUNLAND VILLAGE",6280,5275,19,12,5244,3088,"TRUMP / PENCE","REP",1032,19.6796338672769
"646",646,"SUNNY HIGH",4777,4150,32,1,4117,2473,"BIDEN / HARRIS","DEM",901,21.8848676220549
"647",647,"SUNNYSIDE",1248,1090,6,0,1084,574,"TRUMP / PENCE","REP",79,7.28782287822878
"648",648,"SUNNYSLOPE",2015,1505,9,5,1491,946,"BIDEN / HARRIS","DEM",436,29.2421193829645
"649",649,"SUNNYVALE",5254,4548,17,4,4527,2812,"TRUMP / PENCE","REP",1190,26.2867240998454
"650",650,"SUNRISE",4476,3292,14,5,3273,1693,"TRUMP / PENCE","REP",203,6.20226092270089
"651",651,"SUNUP",2460,1943,7,7,1929,978,"BIDEN / HARRIS","DEM",55,2.85121824779679
"652",652,"MCKELLIPS PARK",1780,1318,4,3,1311,826,"BIDEN / HARRIS","DEM",367,27.9938977879481
"653",653,"SURPRISE",2480,1553,9,12,1532,979,"BIDEN / HARRIS","DEM",454,29.6344647519582
"654",654,"SURPRISE FARMS",7251,5899,15,2,5882,3563,"TRUMP / PENCE","REP",1338,22.7473648418905
"655",655,"SUTTON",2027,1717,5,0,1712,885,"BIDEN / HARRIS","DEM",87,5.08177570093458
"656",656,"SWEETWATER",3183,2522,5,6,2511,1300,"TRUMP / PENCE","REP",132,5.25686977299881
"657",657,"TABLE MESA",57,43,0,1,42,35,"TRUMP / PENCE","REP",28,66.6666666666667
"658",658,"TARO",3779,2925,9,6,2910,1548,"TRUMP / PENCE","REP",263,9.03780068728522
"659",659,"TARTESSO",4457,3393,10,5,3378,2079,"TRUMP / PENCE","REP",863,25.5476613380699
"660",660,"TATUM",9117,7931,26,7,7898,3905,"TRUMP / PENCE","REP",16,0.202582932387946
"661",661,"TERRAVITA",4888,4490,18,4,4468,2764,"TRUMP / PENCE","REP",1089,24.373321396598
"662",662,"THOMAS",909,718,4,2,712,445,"BIDEN / HARRIS","DEM",197,27.6685393258427
"663",663,"TIERRA ESTE",2359,1904,5,2,1897,1120,"TRUMP / PENCE","REP",392,20.6642066420664
"664",664,"TIERRA MADRE",3560,3183,19,2,3162,1894,"TRUMP / PENCE","REP",687,21.7267552182163
"665",665,"TOLLESON",3273,2278,11,29,2238,1684,"BIDEN / HARRIS","DEM",1166,52.1000893655049
"666",666,"TONOPAH",1877,1326,3,2,1321,931,"TRUMP / PENCE","REP",564,42.6949280847843
"667",667,"TONTO",4751,3970,12,8,3950,2247,"TRUMP / PENCE","REP",637,16.126582278481
"668",668,"TORTILLA FLAT",20,8,0,0,8,6,"TRUMP / PENCE","REP",4,50
"669",669,"TOWNE MEADOWS",3132,2766,21,3,2742,1543,"TRUMP / PENCE","REP",393,14.3326039387309
"670",670,"TOWNLEY",1401,906,4,8,894,609,"BIDEN / HARRIS","DEM",344,38.4787472035794
"671",671,"TRADITIONS",2891,2530,9,8,2513,1549,"TRUMP / PENCE","REP",603,23.9952248308794
"672",672,"TRAMONTO",7059,6053,17,6,6030,3447,"TRUMP / PENCE","REP",979,16.2354892205638
"673",673,"TREVOR BROWNE",2283,1340,1,13,1326,1008,"BIDEN / HARRIS","DEM",716,53.9969834087481
"674",674,"TRILOGY",9627,8495,37,13,8445,4904,"TRUMP / PENCE","REP",1518,17.9751332149201
"675",675,"TUCKEY",1969,1014,5,8,1001,701,"BIDEN / HARRIS","DEM",426,42.5574425574426
"676",676,"TULANE",3407,2827,9,7,2811,1864,"BIDEN / HARRIS","DEM",978,34.7918890074707
"677",677,"TUMBLEWEED",4272,2523,8,21,2494,1927,"BIDEN / HARRIS","DEM",1408,56.4554931836407
"678",678,"TURF PARADISE",1359,1093,4,2,1087,574,"BIDEN / HARRIS","DEM",84,7.72769089236431
"679",679,"TURNEY",4586,3782,10,5,3767,2912,"BIDEN / HARRIS","DEM",2146,56.9684098752323
"680",680,"TUTHILL",13045,11414,58,7,11349,6937,"TRUMP / PENCE","REP",2708,23.8611331394837
"681",681,"TWIN BUTTES",3046,2406,6,5,2395,1705,"BIDEN / HARRIS","DEM",1105,46.1377870563674
"682",682,"VALENCIA",651,419,0,3,416,220,"BIDEN / HARRIS","DEM",39,9.375
"683",683,"VALENCIA GROVES",3495,2806,9,5,2792,1647,"TRUMP / PENCE","REP",567,20.3080229226361
"684",684,"VAN NESS",2121,1693,9,0,1684,1027,"BIDEN / HARRIS","DEM",418,24.8218527315914
"685",685,"VARNEY PARK",4435,3424,21,16,3387,1650,"TIE","TIE",0,0
"686",686,"VELERO",1588,1373,4,2,1367,737,"BIDEN / HARRIS","DEM",133,9.72933430870519
"687",687,"VERANO",3351,2795,6,8,2781,1543,"BIDEN / HARRIS","DEM",369,13.2686084142395
"688",688,"VERMONT",3188,2368,6,15,2347,1389,"BIDEN / HARRIS","DEM",479,20.4090328078398
"689",689,"VICTORY",2771,2119,14,5,2100,1337,"BIDEN / HARRIS","DEM",653,31.0952380952381
"690",690,"VILLA DE PAZ",2651,2017,5,6,2006,1187,"BIDEN / HARRIS","DEM",418,20.8374875373878
"691",691,"VILLA RITA",2445,2061,7,6,2048,1041,"BIDEN / HARRIS","DEM",69,3.369140625
"692",692,"VINEYARD",4002,3163,8,5,3150,2152,"BIDEN / HARRIS","DEM",1238,39.3015873015873
"693",693,"VIRGINIA",3153,2460,10,3,2447,1457,"BIDEN / HARRIS","DEM",519,21.2096444626073
"694",694,"VISTA",3446,2847,7,9,2831,1411,"BIDEN / HARRIS","DEM",44,1.55422112327799
"695",695,"VISTA VERDE",452,399,0,2,397,289,"TRUMP / PENCE","REP",187,47.103274559194
"696",696,"VISTANCIA",6754,6192,29,6,6157,3539,"TRUMP / PENCE","REP",974,15.8193925613123
"697",697,"VOGEL",4991,3580,12,23,3545,1765,"BIDEN / HARRIS","DEM",73,2.05923836389281
"698",698,"WACKER PARK",3129,2537,11,4,2522,1503,"TRUMP / PENCE","REP",534,21.1736716891356
"699",699,"WADDELL",10131,8747,26,8,8713,5872,"TRUMP / PENCE","REP",3188,36.5890049351544
"700",700,"WAGGONER",3718,3360,19,4,3337,1943,"BIDEN / HARRIS","DEM",610,18.2798921186695
"701",701,"WAHALLA",3879,3205,13,6,3186,1715,"TRUMP / PENCE","REP",300,9.41619585687382
"702",702,"WARNER",5693,3708,6,31,3671,2460,"BIDEN / HARRIS","DEM",1300,35.4126940888041
"703",703,"WATER WORKS",3661,2996,11,5,2980,1664,"BIDEN / HARRIS","DEM",411,13.7919463087248
"704",704,"WATSON",1053,852,4,2,846,602,"TRUMP / PENCE","REP",370,43.7352245862884
"705",705,"WELDON",1998,1232,2,13,1217,863,"BIDEN / HARRIS","DEM",534,43.8783894823336
"706",706,"WENDY",1816,1541,5,1,1535,840,"BIDEN / HARRIS","DEM",175,11.400651465798
"707",707,"WEST PLAZA",3799,2292,10,22,2260,1530,"BIDEN / HARRIS","DEM",845,37.3893805309735
"708",708,"WEST POINT",7427,5935,19,15,5901,3258,"TRUMP / PENCE","REP",728,12.3368920521945
"709",709,"WEST WING",9128,8167,40,5,8122,5084,"TRUMP / PENCE","REP",2175,26.7791184437331
"710",710,"WESTAR",3599,3196,19,3,3174,1884,"TRUMP / PENCE","REP",658,20.7309388783869
"711",711,"WESTBROOK",3657,3323,20,5,3298,2051,"TRUMP / PENCE","REP",852,25.8338386901152
"712",712,"WESTERN STAR",3497,2913,12,4,2897,1796,"BIDEN / HARRIS","DEM",771,26.6137383500173
"713",713,"WESTGREEN PARK",3267,2539,9,7,2523,1251,"BIDEN / HARRIS","DEM",38,1.50614347998415
"714",714,"WESTRIDGE",3545,2035,0,19,2016,1475,"BIDEN / HARRIS","DEM",980,48.6111111111111
"715",715,"WESTWARD HO",5163,3797,19,14,3764,3009,"BIDEN / HARRIS","DEM",2343,62.2476089266737
"716",716,"WESTWOOD",3235,2293,9,5,2279,1226,"TRUMP / PENCE","REP",231,10.1360245721808
"717",717,"WESTWORLD",6607,5895,36,12,5847,3009,"TRUMP / PENCE","REP",236,4.03625791003934
"718",718,"WHITE TANK",898,740,5,0,735,446,"TRUMP / PENCE","REP",177,24.0816326530612
"719",719,"WHITEWING",4581,4138,18,9,4111,2346,"TRUMP / PENCE","REP",649,15.7869131598151
"720",720,"WHITTIER",1885,1405,9,8,1388,1178,"BIDEN / HARRIS","DEM",1000,72.0461095100865
"721",721,"WHITTON",402,351,1,1,349,184,"BIDEN / HARRIS","DEM",27,7.73638968481375
"722",722,"WHYMAN",5769,4107,11,13,4083,2024,"TRUMP / PENCE","REP",51,1.24908155767818
"723",723,"WICKENBURG",5359,4417,13,12,4392,3237,"TRUMP / PENCE","REP",2133,48.5655737704918
"724",724,"WIER",2185,1764,1,6,1757,923,"TRUMP / PENCE","REP",122,6.94365395560615
"725",725,"WIGWAM",8779,7709,30,10,7669,3998,"TRUMP / PENCE","REP",426,5.5548311383492
"726",726,"WIGWAM CREEK",3466,2886,8,4,2874,1455,"TRUMP / PENCE","REP",91,3.16631871955463
"727",727,"WIKIEUP",1869,1544,8,3,1533,832,"TRUMP / PENCE","REP",161,10.5022831050228
"728",728,"WILDER",3324,3051,19,4,3028,1753,"BIDEN / HARRIS","DEM",530,17.5033025099075
"729",729,"WILDFLOWER",4249,3302,10,16,3276,1819,"BIDEN / HARRIS","DEM",435,13.2783882783883
"730",730,"WILLIAMS FIELD",3211,2692,9,3,2680,1607,"TRUMP / PENCE","REP",592,22.089552238806
"731",731,"WILLOW",2313,1945,11,1,1933,975,"BIDEN / HARRIS","DEM",58,3.00051733057424
"732",732,"WILLOW CANYON",4324,3628,9,4,3615,2110,"TRUMP / PENCE","REP",664,18.3679114799447
"733",733,"WILSHIRE",3695,3275,10,3,3262,2611,"BIDEN / HARRIS","DEM",2016,61.8025751072961
"734",734,"WINDMERE",7243,6090,31,4,6055,3498,"BIDEN / HARRIS","DEM",1056,17.440132122213
"735",735,"WITTMANN",3168,2520,8,4,2508,1899,"TRUMP / PENCE","REP",1316,52.4720893141946
"736",736,"WOLF RUN",3908,3538,15,1,3522,2302,"TRUMP / PENCE","REP",1107,31.4310051107325
"737",737,"WOOD",3203,2345,11,4,2330,1144,"BIDEN / HARRIS","DEM",4,0.171673819742489
"738",738,"WOODGLEN",4171,3277,11,2,3264,1911,"BIDEN / HARRIS","DEM",672,20.5882352941176
"739",739,"XAVIER",3459,2721,10,3,2708,1974,"BIDEN / HARRIS","DEM",1315,48.5598227474151
"740",740,"YOUNGTOWN",3659,2660,7,3,2650,1361,"TRUMP / PENCE","REP",125,4.71698113207547
"741",741,"YUCCA",2465,2138,6,1,2131,1219,"BIDEN / HARRIS","DEM",349,16.3772876583763
"742",742,"YUMA",2251,1830,8,0,1822,1039,"BIDEN / HARRIS","DEM",300,16.4654226125137
"743",743,"ZUNI HILLS",6174,5501,22,2,5477,3751,"TRUMP / PENCE","REP",2090,38.1595764104437
