FID,OBJECTID,BdType,BdVal,PctNum,Supervisor,Legislativ,Congressio,CollegeDis,JusticePre,PollingPla,BdName,GlobalID,WestMecDis,EvitDistri,SHAPE_STAr,SHAPE_STLe
1,725,P,0468,468,2,25,5,2,4,0,PAINTED MOUNTAIN,{DBEA1B42-662F-4EC3-AF78-E36F3B891F4C},0,0,38565431.243,26256.8290851
2,726,P,0024,24,2,25,5,2,4,0,APACHE WELLS,{08F4244B-55E1-4342-A9E4-FEC580E5C243},0,0,83475325.2209,42196.9291627
3,727,P,0154,154,1,18,9,1,16,0,CRISMON,{A7A06D54-31AE-4D69-83A3-CE28054EADEF},0,0,31736569.3211,27080.9463837
4,728,P,0743,743,1,18,9,1,10,0,WOODGLEN,{3FCDBE4B-F457-44C5-96E9-98CDEF860C8B},0,0,51667898.9171,36298.5798924
5,729,P,0708,708,1,18,9,1,16,0,WATER WORKS,{0F649747-3043-47D4-8D6B-0D2EDD0733FA},0,0,22033546.3616,31939.8680738
6,730,P,0194,194,1,18,9,1,16,0,DOBSON RANCH,{823CA0B5-E72F-4F8E-9C9A-BA400EF935AF},0,0,40109330.4229,30633.5268449
7,731,P,0239,239,2,23,6,2,15,0,FOUNTAIN HILLS,{96566AAC-290A-4899-975A-6F8AE40B703E},0,0,52799878.8154,43926.1064944
8,732,P,0240,240,2,23,6,2,15,0,FOUR PEAKS,{ACAA0B55-C2A9-4CD7-8AE5-8C9C518AC07A},0,0,103678904.994,46230.6044554
9,733,P,0470,470,2,23,6,2,15,0,PALISADES,{56A85E18-1F26-4A66-B766-31E4F8070F20},0,0,83463293.1791,43413.1254746
10,734,P,0416,416,1,12,5,1,16,0,MEGAN,{E0965E68-E4ED-4D95-914B-6C68E8D1B11B},0,0,83815045.1343,43510.9425564
11,735,P,0535,535,2,12,5,2,16,0,RIATA,{47E34C43-8EDA-43A1-A3AF-1A3AEB37D9EE},0,0,24996876.3721,25289.7650221
12,736,P,0679,679,1,12,5,1,24,0,TRILOGY,{C173C4B9-C687-47C0-9204-ECEF91CECCE2},0,0,90570389.867,40584.1096821
13,737,P,0172,172,1,18,9,1,3,0,DEL RIO,{F28B6809-C4CB-4022-9499-256AE6004427},0,0,31543667.067,23785.8960548
14,738,P,0624,624,1,12,5,1,16,0,SPUR,{DAA6B879-DF8B-40D5-8D3A-E0B407FD28F5},0,0,55729183.8288,31691.8731
15,739,P,0031,31,2,12,5,2,16,0,ARTESIAN,{A9786F0B-D41E-43A8-842F-79DD464A1CBD},0,0,20102862.4987,18313.4362972
16,740,P,0011,11,1,18,9,1,19,0,ALEXANDER,{2D61A887-7FFA-495A-BE6B-A644A3D3D49A},0,0,56513965.3191,42620.129905
17,741,P,0336,336,1,18,9,1,3,0,JUPITER,{B20B1789-69F5-46FF-8BCE-2B62006AACC3},0,0,29198669.9897,21568.6472274
18,742,P,0711,711,1,18,9,1,3,0,WENDY,{C26C8593-1EB9-45BB-8184-513A1F172D47},0,0,14225604.8315,19577.0712764
19,743,P,0236,236,1,18,9,1,3,0,FOLLEY,{D6A74233-6B6F-462C-B06F-B422C12E3CFE},0,0,84108095.2206,42423.4603017
20,744,P,0692,692,1,17,9,1,3,0,VERANO,{02F12669-BE22-47B5-AB7C-8E44C8A7CDFA},0,0,27928898.6841,21141.4583972
21,745,P,0641,641,1,17,5,1,3,0,SUN LAKES COUNTRY CLUB,{65882991-1163-4F1F-9ACA-307AB65532BB},0,0,28612061.4258,21728.8863679
22,746,P,0380,380,1,17,5,1,3,0,LONGHORN,{6FC50066-F8FF-456E-8904-75A868580D2B},0,0,50711245.9352,33833.5763872
23,747,P,0457,457,2,25,5,2,4,0,OLD WEST,{120F6C73-47FE-430B-8C3B-979934329C10},0,0,28007474.9754,21173.5309371
24,748,P,0563,563,2,12,5,2,16,0,SAN ANGELO,{5B0CA66F-6CEF-4BC9-8B61-ECD4BC519BAE},0,0,26663526.6454,22092.0784894
25,749,P,0565,565,1,17,9,1,3,0,SAN MARCOS,{61A0ED98-A965-422F-96AE-53539252A7C9},0,0,27349122.9792,21999.0827157
26,750,P,0622,622,1,17,9,1,3,0,SPRINGS,{BD4EE31E-0DE9-4AF5-84FA-16AC8B9AE8E6},0,0,13995357.5492,15883.452257
27,751,P,0426,426,1,17,9,1,3,0,MISSION,{EE3536B2-7B21-4CA9-978C-CA62FEF8EABC},0,0,28079955.9061,21162.6360516
28,752,P,0126,126,1,17,9,1,3,0,COMMONWEALTH,{60DD22A0-20A4-48E7-A5DD-63FB8465746F},0,0,27898483.1171,21131.1690714
29,753,P,0254,254,1,17,9,1,3,0,GERONIMO,{7333AA31-C04C-437C-9818-C23D8FF9A1F5},0,0,14004824.928,15867.8129973
30,754,P,0477,477,1,12,5,1,16,0,PALO BLANCO,{A16833EB-265F-4E12-8EB0-CEF663264822},0,0,27111292.2528,20846.9689311
31,755,P,0419,419,2,25,5,2,10,0,MESA VISTA,{E09ACF2C-F4C1-42D5-8C32-8167315F2F5C},0,0,28431093.2866,21305.8914234
32,756,P,0147,147,2,25,5,2,4,0,COVINA,{BC2A4FFB-4CAD-45AD-B514-95773258B7C1},0,0,27553793.4736,20997.8503163
33,757,P,0503,503,2,25,5,2,4,0,PILGRIM,{9CEA3278-E65A-40E2-BAC2-5DABB3C4107C},0,0,49023678.5996,30937.690324
34,758,P,0324,324,1,26,9,1,21,0,INDIAN SPRINGS,{F2C77768-2D24-4BDD-951D-727B7BEA729C},0,0,21522929.5465,21234.9337805
35,759,P,0307,307,2,25,9,2,10,0,HOHOKAM PARK,{9A6D6664-6645-4574-B139-280BECF4D06E},0,0,27990026.021,21156.5812559
36,760,P,0379,379,2,25,5,2,10,0,LONGBOW,{20049788-ADBE-4D20-B8A0-BD1B805CB61E},0,0,124187357.314,62713.1613484
37,761,P,0227,227,1,26,9,1,21,0,ESQUIRE,{1C5C330A-4059-4E56-A28E-4E5C42AD30EB},0,0,31998796.4797,25716.1356492
38,762,P,0080,80,2,25,5,2,10,0,CANDLELIGHT,{273FB36E-109B-4A7C-A89E-FF8F4548583F},0,0,45535486.4465,30064.1513308
39,763,P,0365,365,2,25,5,2,10,0,LEHI,{1A1A44DD-E3AF-4B8D-B3E5-8631D623B491},0,0,58392715.3258,40314.4166116
40,764,P,0287,287,2,25,5,2,4,0,HARMONY PARK,{F0FAA191-C3D5-48DD-918F-59E1278693BA},0,0,42429252.2678,27928.9699174
41,765,P,0642,642,2,25,5,2,4,0,SUN TRAILS,{6E35AEC5-1F50-4AA5-9A04-517F2ADDC44A},0,0,39604691.6527,32322.5194084
42,766,P,0275,275,2,25,5,2,4,0,GREENFIELD PARK,{8583AA22-9C6E-4FA4-9CDA-3C93C658ECC1},0,0,54252147.2932,30935.6180117
43,767,P,0246,246,1,18,9,1,3,0,GALVESTON,{A31732CB-52DB-4B34-8E65-22BDCB601296},0,0,42273267.2653,26592.9609326
44,768,P,0010,10,1,17,9,1,3,0,ALAMO,{4CAEC841-5D77-4B6B-B876-6AB59875720B},0,0,28053183.8596,21207.9679347
45,769,P,0331,331,1,17,9,1,3,0,JASPER,{303EDCB7-1E1C-4059-AC12-DFCC7E71B8B3},0,0,28134719.6053,26634.5682303
46,770,P,0165,165,1,17,9,1,3,0,DANYELL,{BCC25278-DC43-4C25-BDC7-9C030479FB51},0,0,27989282.6805,21156.1337001
47,771,P,0639,639,1,26,9,1,18,0,SUN DEVIL,{1C36E129-92A0-4696-81BA-D03741B73EB9},0,0,48131320.091,29904.6448724
48,772,P,0427,427,1,26,9,1,19,0,MITCHELL PARK,{31CCD2F7-B90F-40C3-8070-1A4B5AD2D32C},0,0,19841312.2847,18089.3724471
49,773,P,0332,332,1,26,9,1,18,0,JENTILLY,{EAA93705-4FFE-4913-89A2-DA80DBC293ED},0,0,26628980.4912,29291.6331064
50,774,P,0224,224,1,26,9,1,18,0,ESCALANTE,{9FE92214-D5E3-4663-9E6B-3C8BF343964D},0,0,27790318.42,21050.1245901
51,775,P,0581,581,1,18,9,1,18,0,SCUDDER,{BBD1169E-9AF3-4344-9C38-8B988F6A9191},0,0,28727870.7053,21999.4561145
52,776,P,0461,461,1,18,9,1,18,0,OPTIMIST,{3F91236A-48AE-4B65-B88A-C573BC6176E2},0,0,27953664.0141,20928.0736871
53,777,P,0686,686,1,26,9,1,19,0,TWIN BUTTES,{7BD1EB1B-C8FA-423F-A075-B151DC92CE1C},0,0,55488922.5847,34131.099151
54,778,P,0310,310,1,26,9,1,18,0,HOLLIS,{5F517F20-709C-48E2-BB41-DC162D97B316},0,0,23857283.2108,21861.4645899
55,779,P,0553,553,1,18,9,1,18,0,ROTARY PARK,{61F328BF-6FB4-4548-9619-0A8324F60F74},0,0,32234459.4202,25697.9272398
56,780,P,0071,71,1,26,9,1,19,0,CAIRO,{9F6EA8BC-30D1-48B5-A16A-B36DBEFCB1C9},0,0,21592462.5553,18738.6361785
57,781,P,0039,39,1,26,9,1,18,0,BALBOA,{9E20730F-75A2-4C74-85CE-97F8016EA759},0,0,30391164.492,26215.8092814
58,782,P,0166,166,1,26,9,1,19,0,DARROW,{9FCBF12D-7466-43E6-BE8C-5CF528D7253B},0,0,39301237.2892,25584.3476204
59,783,P,0705,705,1,18,9,1,18,0,WAGGONER,{F4C4A633-E613-4545-8E0C-E678D318E5C8},0,0,56114364.9808,31856.205626
60,784,P,0681,681,1,18,9,1,19,0,TULANE,{7D76D8E4-0919-4C29-AB84-A93EC3D80377},0,0,55765066.4979,31683.7665558
61,785,P,0232,232,2,16,5,2,4,0,FALCON HILL,{6C4E5A79-0238-4C2C-A74E-9119E0CA0CAB},0,0,119444988.6,61190.0447514
62,786,P,0546,546,1,18,9,1,19,0,ROCKLEDGE,{880A12AE-4CE9-4ECF-8845-372CD4C81F12},0,0,49950010.0782,36743.8196647
63,787,P,0085,85,1,18,9,1,19,0,CARDINAL,{7CB4C747-6930-4AAD-BDC2-4ACE48AC8B22},0,0,71759452.598,37825.9640268
64,788,P,0008,8,1,18,9,1,19,0,AHWATUKEE,{0EAF9F74-A925-4FC4-BB3C-DB1B8C4FF21A},0,0,31133761.3344,28323.6789276
65,789,P,0453,453,3,28,9,3,6,0,OAKTREE,{E8FEEE75-CD12-40C3-9FA4-029EA97E2BA6},0,0,38978037.1821,31516.2941922
66,790,P,0399,399,2,23,6,2,15,0,MARICOPA,{CA5E267A-8018-47C5-B317-E3C5E37E59FC},0,0,21052855.0199,21177.5883846
67,791,P,0531,531,2,23,6,2,15,0,REDWING,{BC3BFF0B-4C1B-46B4-B5E5-74EDCE11B6CE},0,0,22850045.1719,22776.5616957
68,792,P,0482,482,3,24,7,3,2,0,PARADA,{9F5802A5-3311-41D9-B58B-90C24A1B2720},0,0,17547134.6719,18817.1092924
69,793,P,0684,684,3,24,7,3,2,0,TURNEY,{13CB37CA-8B0E-40EC-AECC-74581F27724F},0,0,24485481.517,26743.0861972
70,794,P,0099,99,3,24,9,3,2,0,CENTRAL HIGH,{F4E14C3B-339F-4AC2-9AD0-7879C7CE415C},0,0,30760004.9565,23095.6138275
71,795,P,0283,283,3,28,9,3,2,0,HALL,{F4096A54-0F24-4536-A945-8DCE69F65B73},0,0,30841637.8407,28757.0097657
72,796,P,0391,391,3,24,9,3,6,0,MADISON PARK,{0A842979-C48E-4DED-A6F6-510E4AE43078},0,0,41650505.9202,34871.5135274
73,797,P,0052,52,3,15,6,3,11,0,BLACKHAWK,{B3BF780F-0A8C-4B83-A5BB-F2845485F930},0,0,35214619.7172,23883.9317494
74,798,P,0328,328,3,15,6,3,15,0,JACKRABBIT,{A575E308-DBD4-40BA-AAE9-18E620D6420D},0,0,27142358.794,26476.6049474
75,799,P,0655,655,3,20,6,3,13,0,SUNRISE,{6AB110E8-6FB1-48E9-BF45-A09089A1FA97},0,0,32057111.8609,22680.0644302
76,800,P,0343,343,3,15,6,3,11,0,KIMBERLY,{A968BF8C-782A-48A6-BE48-12850FC73DBA},0,0,21456993.4839,21411.5173908
77,801,P,0588,588,3,20,6,3,13,0,SHADY GLEN,{7B64F0E2-A3FA-493B-9046-AD61EE611199},0,0,24913932.8254,20018.5213907
78,802,P,0293,293,3,28,9,3,12,0,HATCHER,{3074A26C-9928-4435-8757-81428A0BE9D6},0,0,20296513.9586,18434.4954181
79,803,P,0436,436,3,20,6,3,13,0,MOON VALLEY,{D5717FCC-0161-4851-9791-E950E193FCED},0,0,46801089.0111,28371.4173273
80,804,P,0056,56,3,15,6,3,25,0,BLUEFIELD,{42B05F82-28C0-42BB-B1E6-ABD883531A80},0,0,27365172.5633,20906.8831629
81,805,P,0173,173,3,20,6,3,12,0,DESERT BELL,{8E1ADD68-7C1E-4E08-A194-8B3769EF2326},0,0,20902717.0837,22028.5403213
82,806,P,0373,373,3,20,6,3,25,0,LOLA,{F4E1F3DE-BB6F-4957-B0EF-0C6D2EAA5774},0,0,20724201.2686,21985.4533225
83,807,P,0522,522,3,15,6,3,25,0,QUAIL RUN,{720C106B-BFD0-4926-862A-4244415846AD},0,0,32715055.306,32651.4498382
84,808,P,0484,484,3,28,6,3,12,0,PARADISE PARK,{C6A050AA-1F5B-4854-921F-8E0E839BA86D},0,0,41756774.2706,26369.7847002
85,809,P,0021,21,3,15,6,3,12,0,ANNETTE,{71E1E148-6A66-4FE1-98B8-7F5A70E3788B},0,0,31188920.7702,27614.8517441
86,810,P,0242,242,3,28,6,3,12,0,FOXWOOD,{0475352F-D349-4994-BE8A-355044DA0714},0,0,20204489.9667,18181.7777256
87,811,P,0070,70,2,23,6,2,15,0,CACTUS GLEN,{B62D96BF-8F6A-4C72-8C9C-C7EDA31D0DE6},0,0,42575350.1096,29272.552152
88,812,P,0600,600,2,23,6,2,15,0,SILVER SPUR,{8C23E149-9D07-4211-AC9A-EEF4449F7E00},0,0,203762768.745,72784.2781564
89,813,P,0452,452,3,15,6,3,15,0,OAKHURST,{4B72302A-DE25-47DC-81EE-6321214B95C7},0,0,13972531.1072,16521.538238
90,814,P,0017,17,3,28,6,3,12,0,AMBER,{4C2D9470-134A-498A-89F0-1682F7D4D523},0,0,14390395.1376,16211.910312
91,815,P,0460,460,3,28,6,3,12,0,ONYX,{6A95662B-5FE3-4F77-8479-CFBE7FF5CF8B},0,0,38679461.454,28884.5410439
92,816,P,0573,573,3,15,6,3,15,0,SANDPIPER,{D0518DF6-A890-47CD-B014-1BBA7C03730D},0,0,34103927.6989,26419.7631786
93,817,P,0359,359,2,25,5,2,4,0,LAS SENDAS,{011FF7A3-9D54-45F0-92C7-33459AFA206D},0,0,123294147.662,54010.1501483
94,818,P,0298,298,2,25,5,2,4,0,HERMOSA VISTA,{83078739-4540-49B7-85A2-578530A83B22},0,0,301698899.455,98275.521022
95,819,P,0559,559,2,23,6,2,15,0,SAGUARO,{69A52E12-6924-4876-B4CA-1DD6FEFB8E70},0,0,133892552.999,56650.0615253
96,820,P,0317,317,2,28,9,2,15,0,HOPI,{A939C975-EB14-4993-A7E1-1BFA64833BC1},0,0,34616279.9822,28594.9587009
97,821,P,0382,382,2,28,9,2,15,0,LOOKOUT RIDGE,{49547AE9-AD2B-4513-BC28-1B8A4D32BEAB},0,0,85337977.9387,49706.5465244
98,822,P,0747,747,2,23,9,2,6,0,YUMA,{E0EB734A-8552-40F1-9405-75A76B622AD8},0,0,13821937.0444,15737.4290356
99,823,P,0396,396,3,20,6,3,11,0,MANDALAY,{6581EC59-F087-4331-B0E9-AC522FAF6DE8},0,0,28660090.4538,25908.280767
100,824,P,0344,344,3,20,6,3,13,0,KINGS,{B91A9C54-61F6-45ED-BF90-DBE027688149},0,0,36158315.4044,30016.3564341
101,825,P,0368,368,3,15,6,3,11,0,LIBBY,{33018E77-1728-4B51-A94B-63F0FB9F585F},0,0,21737283.1771,21686.3215853
102,826,P,0515,515,3,20,6,3,13,0,PORT ROYALE,{19CA4A21-A73E-4693-AD4C-A3DDF695926D},0,0,27041765.0242,20806.8094804
103,827,P,0048,48,3,28,9,3,6,0,BILTMORE,{A613E569-39F0-41E9-AAC4-79992C43D5D9},0,0,34875041.4171,28636.6903448
104,828,P,0653,653,3,28,9,3,13,0,SUNNYSLOPE,{1DD89FD3-5DE6-4CED-B830-E8A682022A6C},0,0,26122931.017,23019.831174
105,829,P,0736,736,3,28,6,3,13,0,WILLOW,{5E7C32DA-7E81-4522-877B-1258A698DCF1},0,0,20838790.1201,29684.6174555
106,830,P,0400,400,3,20,6,3,8,0,MARIGOLD,{16129D10-4067-4FDC-B361-02D553926FF9},0,0,17695867.7689,18675.0873286
107,831,P,0142,142,3,30,6,3,8,0,CORTEZ,{1BC9D4F7-5C1A-4038-9B29-7014CC85CA9A},0,0,20209478.6067,19663.9009784
108,832,P,0551,551,3,20,6,3,8,0,ROSE,{359EAEC5-9CAC-41E1-9F30-A025E46D3627},0,0,41863908.3618,28954.6285107
109,833,P,0742,742,3,20,6,3,11,0,WOOD,{C19CC6E2-83CE-4042-BECD-5DA92E20C4E4},0,0,22963836.5934,23853.6407987
110,834,P,0106,106,3,20,6,3,8,0,CHOLLA,{CE846C9F-3857-43D5-B7BB-9C8E133B2EFC},0,0,27568117.4202,20985.8035782
111,835,P,0001,1,3,20,6,3,13,0,ACACIA,{03495030-22F4-4DD4-A97A-DF4EADEB711F},0,0,36497027.0073,25495.5641727
112,836,P,0119,119,1,18,9,1,19,0,CLUB WEST,{3C88A628-CF56-4CAD-83B0-708CDEE62515},0,0,80055466.9144,40907.4943889
113,837,P,0509,509,1,18,9,1,19,0,PINTO,{60143BF4-8E74-4C9F-A109-31ECF759E13F},0,0,38783088.7104,27683.1144555
114,838,P,0027,27,3,28,9,3,6,0,ARCADIA,{BB107BFE-AA0A-4EF3-AF7C-F41326CE242D},0,0,28176063.5782,21258.9383161
115,839,P,0425,425,2,23,6,2,15,0,MIRADA,{97FAF331-8CA0-4C2B-803D-131914C5377A},0,0,34132527.7841,32071.256041
116,840,P,0584,584,2,23,6,2,15,0,SENTRY,{38CF4400-405A-44B3-80BC-FE1BF5C6636D},0,0,31640741.4332,34647.9415748
117,841,P,0171,171,2,23,6,2,15,0,DEL JOYA,{57954999-FDC7-4667-BA99-0B6017580C6C},0,0,54387151.3299,37375.9269534
118,842,P,0562,562,2,24,9,2,6,0,SALT RIVER,{3C397658-26FE-47F5-AAB0-317A32BCC4B8},0,0,24151356.094,21028.6041549
119,843,P,0593,593,3,28,6,3,12,0,SHEENA,{F9004D36-934A-4EEB-A5E6-125BF29CA05A},0,0,30929270.5607,28651.1249849
120,844,P,0501,501,2,28,9,2,6,0,PICADILLY,{DA1D56F6-924A-4980-B26D-18E3165C36C2},0,0,20720010.7303,21306.5206228
121,845,P,0338,338,3,28,9,3,6,0,KACHINA,{87668D06-32D6-4528-B549-41035241F9EE},0,0,24186771.4421,24192.9378286
122,846,P,0421,421,3,20,6,3,8,0,METRO,{0DB8EDB5-BAC5-4BE6-8357-D797D825B939},0,0,25834271.8747,22437.647668
123,847,P,0596,596,3,15,6,3,25,0,SIERRA PASS,{27AC8252-AF84-4267-8B54-AA2852E9E116},0,0,95975742.8196,51993.4377123
124,848,P,0337,337,3,15,6,3,15,0,JUSTINE,{91B877C3-3605-4B12-8B34-CB900DFDFD4D},0,0,25572490.0272,30081.9515474
125,849,P,0432,432,3,20,6,3,12,0,MONTE CRISTO,{FB95CA0A-EEF6-4877-B7B0-6BFABE9BFB5E},0,0,58270655.7949,33702.0517866
126,850,P,0633,633,2,23,6,2,15,0,STONEGATE,{51A052E2-56D8-488F-8D24-17837AA36824},0,0,29043958.7936,22830.8651262
127,851,P,0489,489,2,23,6,2,25,0,PEAK VIEW,{06E6099D-B20A-4768-A147-1AEA6AEB5514},0,0,149868160.26,55430.1286627
128,852,P,0060,60,2,23,6,2,25,0,BRONCO,{CE49821D-7F6A-4559-9B97-5146A934CC5A},0,0,108420434.008,41665.8177362
129,853,P,0507,507,2,23,6,2,25,0,PINNACLE WEST,{292C69F6-6D06-4D1D-A38B-ED4B7372AEE8},0,0,56130226.5919,31826.1278116
130,854,P,0319,319,2,23,6,2,25,0,HUALAPAI,{1F5B511D-1820-49A2-8536-BC20BD03003E},0,0,147561270.757,51200.404628
131,855,P,0599,599,3,15,6,3,25,0,SIESTA,{7CA0C1C9-3993-4DC9-83B6-56EACB086677},0,0,13891575.7524,15771.915282
132,856,P,0699,699,3,28,6,3,12,0,VISTA,{A08D900C-98DD-42F0-814E-85198DFF5693},0,0,40663976.4089,32369.6765362
133,857,P,0225,225,3,28,6,3,12,0,ESCOBAR,{E5D26B90-BAAF-4A0C-B3B6-6803D7E49746},0,0,16649256.9937,18552.6470041
134,858,P,0323,323,3,28,6,3,12,0,INDIAN BEND,{259E4784-DCB1-4908-AA2F-77209A4D9DD8},0,0,22235989.78,18946.9037044
135,859,P,0175,175,3,28,6,3,12,0,DESERT COVE,{FB473D24-333E-4B00-B0B4-44D02579DA81},0,0,76334498.6686,40239.8149504
136,860,P,0199,199,3,28,9,3,12,0,DREAMY DRAW,{2D253EA6-6E6C-4261-BAB1-161D242F576D},0,0,30742246.8839,24804.162443
137,861,P,0318,318,3,15,6,3,15,0,HORIZON,{FE517711-88FA-43AA-A94D-09B75538CAA6},0,0,55935156.289,38087.9706529
138,862,P,0442,442,2,23,6,2,15,0,MUSTANG,{01F7C0E1-0C7F-413E-BD80-137FF499C384},0,0,55553361.0877,40461.9100031
139,863,P,0395,395,3,1,8,3,11,0,MAJESTY,{EBB3DFED-4F67-4ADB-8DE7-E2A46447662D},0,0,39274925.2516,27305.4316102
140,864,P,0250,250,3,1,8,3,11,0,GAVILAN PEAK,{5337364A-1D75-4160-BFE5-EF9708DE32B3},0,0,54959398.7847,55524.3752492
141,865,P,0741,741,3,1,8,3,11,0,WOLF RUN,{55068168-BE4E-41E5-9FFC-1CD410ABD1F2},0,0,80604457.1484,48493.5494503
142,866,P,0292,292,3,1,8,3,11,0,HASTINGS,{2F401D75-2DAD-45F5-86C8-71E199367F6E},0,0,36857815.68,34279.5121143
143,867,P,0151,151,3,15,8,3,11,0,CREEDANCE,{BF525D53-81F7-41E8-B15E-F5AB0401893B},0,0,27831742.3711,21075.8752376
144,868,P,0004,4,3,15,6,3,11,0,ADOBE,{3DDCE8E3-913A-4898-AA48-568C3489C6AA},0,0,64999572.9364,33502.6334388
145,869,P,0462,462,3,28,6,3,15,0,ORANGE TREE,{A199CA34-A304-4CE3-94B3-58960099955D},0,0,34229295.0887,26287.5567432
146,870,P,0073,73,3,28,6,3,12,0,CALAVEROS,{5EC4838E-4CA7-41F7-A412-BFA45D7D4729},0,0,108125420.609,50694.1086732
147,871,P,0075,75,3,24,7,3,5,0,CAMBRIDGE,{D3C00AA8-CBF1-4B76-966E-45496DD0B5FE},0,0,7463174.05865,10889.9352868
148,872,P,0082,82,2,23,4,2,25,0,CANYON,{B63155E7-0237-4593-AA0E-EE08656EFDC4},0,0,4160949862.84,409128.349454
149,873,P,0203,203,2,25,9,2,10,0,DUKE,{73E19A59-D83C-40FA-B8D9-2FA61D743BCE},0,0,19738046.4995,20434.9597712
150,874,P,0098,98,2,26,9,2,10,0,CENTENNIAL,{C0039BA1-5CC5-40BD-858A-32DDDDD2A37B},0,0,27882782.5781,26416.4012421
151,875,P,0063,63,1,26,9,1,21,0,BUCKLEY,{024C3137-1EF8-40E0-A394-C59C256D79E3},0,0,35702065.7698,26653.0694178
152,876,P,0026,26,2,25,5,2,4,0,ARBOLEDA,{BC15ED06-A83E-4A13-AB9F-E4AA5E512F43},0,0,55354173.9899,31510.517538
153,877,P,0383,383,2,25,5,2,4,0,LOS ALAMOS,{6E67B037-E20E-4FA0-9FD3-4926E627A629},0,0,28124064.6931,21196.6600711
154,878,P,0243,243,2,16,5,2,4,0,FREMONT,{3BC4D28C-0058-4CED-A372-49604D16C944},0,0,62362149.559,42076.9129498
155,879,P,0074,74,2,16,5,2,24,0,CALYPSO,{4337864C-4310-4E12-BA80-209211FCC700},0,0,35110594.2261,26906.1176633
156,880,P,0529,529,2,25,5,2,10,0,RED MOUNTAIN,{7C7AB402-2B91-4D71-B754-B7B3D82DCDFB},0,0,133134539.56,53068.7080084
157,881,P,0091,91,1,18,9,1,16,0,CARRIAGE LANE,{4CFF9780-5996-476E-A07A-540373466A16},0,0,30843230.0588,30203.4848592
158,882,P,0532,532,2,26,5,2,10,0,REED PARK,{B45D1A49-0726-4F54-9E53-192DB0789648},0,0,16386368.5906,18818.1115413
159,883,P,0264,264,2,23,6,2,15,0,GOLDEN EAGLE,{024008AD-3F48-4AED-AC4B-CD2427EFCADD},0,0,192782793.586,63394.8368705
160,884,P,0245,245,1,17,5,1,3,0,FULTON RANCH,{8E8D9D5E-22B0-46A9-B5E8-F426C30A6C1D},0,0,105163650.775,50561.3811002
161,885,P,0241,241,1,17,5,1,3,0,FOX CROSSING,{B82BA9CB-37AE-4A71-ACDE-93226EA91A75},0,0,27855252.0322,23813.2695629
162,886,P,0446,446,1,17,5,1,3,0,NIGHTINGALE,{F4EEDC41-2D7B-45E3-BA46-1504B0851C6C},0,0,41800504.0427,26615.96755
163,887,P,0101,101,1,17,5,1,24,0,CHANDLER HEIGHTS,{DAA5CBCD-4397-44BC-A235-AFCF5F27E5DA},0,0,81666052.1278,41915.7797194
164,888,P,0640,640,1,17,5,1,24,0,SUN GROVES,{A07DB33D-2AD9-4E3A-A610-0CC7CAF5AC30},0,0,27989431.6672,21162.7975986
165,889,P,0117,117,1,17,5,1,3,0,CLOUD,{6B4BEA75-4F75-4544-B5C9-1FD67FB65587},0,0,83907514.8669,42312.2068337
166,890,P,0127,127,1,17,5,1,3,0,COMPADRE,{F4969520-B4A6-485F-800A-AFDA41FBEC1C},0,0,86992626.844,73818.0421897
167,891,P,0144,144,1,17,5,1,3,0,COTTONWOOD COUNTRY CLUB,{5CBC23B3-474A-4538-991B-3F2EF02CD525},0,0,56074431.9514,31765.9934672
168,892,P,0356,356,1,17,5,1,3,0,LANTANA CANYON,{53893BCB-5FB3-4100-93A2-01458142A55B},0,0,87173739.5515,44806.2434076
169,893,P,0541,541,1,12,5,1,24,0,RITTENHOUSE,{F5FFFA24-F3FE-4F69-B2F5-0CA36D03086E},0,0,257422485.278,81934.7562501
170,894,P,0612,612,1,12,5,1,24,0,SOSSAMAN,{B6FC42C2-6073-49C0-82DB-4D74C53FA5CD},0,0,108279945.326,44240.2914448
171,895,P,0523,523,1,12,5,1,24,0,QUEEN CREEK,{FE06AC66-A653-42EC-B895-074FFC32C3A6},0,0,207942129.695,73645.1866592
172,896,P,0611,611,1,12,5,1,24,0,SONOQUI,{941B656C-51D7-4339-B334-21C8B2E342DE},0,0,197233380.575,75733.2836006
173,897,P,0327,327,1,12,5,1,16,0,IVANHOE,{00698898-1112-43BF-A2DF-A6F08983C187},0,0,55238605.5526,31513.5540993
174,898,P,0163,163,2,16,5,2,24,0,DALLAS,{17BD936D-ACB2-49AB-AF97-8F6A8572EEE0},0,0,59287730.7839,44000.5026785
175,899,P,0226,226,2,16,5,2,24,0,ESCONDIDO,{4FADDB7A-0C8B-4F85-98E0-E477991A400F},0,0,81442394.8616,36566.7190139
176,900,P,0414,414,1,18,9,1,3,0,MCKEMY,{6A4F0CF8-55EB-435B-BC55-3EF985DD8D28},0,0,100677013.975,47429.3642343
177,901,P,0301,301,2,12,5,2,16,0,HIGHLAND,{F3D80CC0-32C4-44DC-925B-3C6A8B325313},0,0,82486244.9557,41883.7118222
178,902,P,0674,674,2,12,5,2,16,0,TOWNE MEADOWS,{564A0889-0B12-4535-A662-C0F9D981002A},0,0,29921429.136,26373.8452596
179,903,P,0443,443,1,17,5,1,16,0,MYSTIC,{1CE5F8FF-1851-4C63-B3C9-8005EC936011},0,0,40296254.6682,26295.066259
180,904,P,0122,122,1,17,5,1,3,0,COLONIA,{87F91ACB-3DEC-48FC-9CE6-6BFDD9846DE4},0,0,54679564.1251,33499.2312004
181,905,P,0517,517,2,16,5,2,24,0,PORTOBELLO,{CA60C15F-6E5D-4A30-8C6F-C7FBB7B44FDD},0,0,85231449.2678,67110.8225585
182,906,P,0669,669,1,12,5,1,16,0,TIERRA MADRE,{76779128-602C-4A66-95F6-521895D4B607},0,0,87195278.1155,47549.8457516
183,907,P,0516,516,2,25,9,2,10,0,PORTER,{04F713C3-7D1D-43EB-8E9A-AEF2E6F08AEB},0,0,20886433.815,18595.6576721
184,908,P,0111,111,2,25,5,2,4,0,CITRUS GARDENS,{926003B4-497D-4EFD-A23B-4487836C1B6B},0,0,27851629.4452,21100.5805172
185,909,P,0265,265,2,16,5,2,24,0,GOLDEN HILLS,{110AC68B-2679-484D-99DE-86A1A919D9D8},0,0,69717062.2728,43363.109143
186,910,P,0455,455,2,16,5,2,24,0,OASIS,{AB623799-7DCB-4892-A86D-18AE10B8E3B5},0,0,113212538.153,54206.6576059
187,911,P,0066,66,1,18,9,1,3,0,BULLMOOSE,{78404588-3DE4-4A16-978E-0E5CB6F97603},0,0,27584422.1838,21009.3076775
188,912,P,0128,128,1,17,9,1,16,0,COMSTOCK,{975508D7-BAAC-49C7-9DA8-12E937A5B93E},0,0,33843264.0152,30817.4686386
189,913,P,0255,255,1,17,9,1,3,0,GILA,{FDAD5AA0-7CA2-43CE-96DE-9DD255197988},0,0,37184623.7286,30732.1719023
190,914,P,0357,357,1,17,5,1,3,0,LAREDO,{2D686946-D365-4B4D-931A-4E990830EC06},0,0,29096083.6738,21954.0019419
191,915,P,0721,721,1,25,9,1,21,0,WESTWOOD,{83550416-AEEF-441C-B15F-5D93248A88CA},0,0,28507088.9732,21717.6774629
192,916,P,0657,657,1,24,9,1,6,0,MCKELLIPS PARK,{A036EA31-1519-4A11-915E-AC39ADFAA144},0,0,14545142.1264,18534.027813
193,917,P,0549,549,1,26,9,1,18,0,ROLLING HILLS,{022B98C8-3EE4-4ED7-85C1-8E60190CED97},0,0,77251112.265,48016.2710224
194,918,P,0539,539,1,26,9,1,19,0,RIO SALADO,{BB2EEA44-46CC-4ECA-91EC-534D673DBB48},0,0,60810709.4698,33825.9421216
195,919,P,0694,694,1,26,9,1,18,0,VICTORY,{DCA410E3-D6AF-4C67-A416-67F59E900A7E},0,0,48094892.6884,38898.1046783
196,920,P,0097,97,1,18,9,1,19,0,CELAYA,{FFD89066-AB9E-4FE3-8753-1C969192B7F5},0,0,32645300.3671,28986.0313361
197,921,P,0190,190,1,26,9,1,19,0,DIABLO,{549F9A36-2882-4B0C-B0FE-4E09367FE262},0,0,38790571.0334,30270.1107093
198,922,P,0348,348,1,18,9,1,19,0,KOKOPELLI,{8244358A-E487-4C10-8E71-F2EBE45654EE},0,0,39144913.9662,31441.803445
199,923,P,0739,739,1,18,9,1,19,0,WINDMERE,{5BF3DE34-953B-487C-888B-D1027C28CDEB},0,0,56907847.0011,35272.2011907
200,924,P,0673,673,2,23,4,2,10,0,TORTILLA FLAT,{20FE5ED3-2C63-471A-A174-FA0ACF67D46F},0,0,9812138690.67,538729.837795
201,925,P,0041,41,2,24,9,2,6,0,BARNES,{B7F7C2C8-0D77-4E6E-A052-1520E313269B},0,0,20353203.0304,21321.9682545
202,926,P,0647,647,2,23,6,2,15,0,SUNDOWN,{9ECAC212-1CA2-4D1C-86A5-42675874CFCA},0,0,32198286.0652,26936.3097355
203,927,P,0429,429,2,23,6,2,15,0,MOHAVE,{0860E9C5-1232-4701-AEB3-852DA37B2789},0,0,31564246.6653,30943.3992611
204,928,P,0410,410,2,23,6,2,15,0,MCCORMICK RANCH,{D7A89071-FA3E-458C-80A3-B29EF3D90573},0,0,72967507.5295,42230.5642217
205,929,P,0663,663,3,15,6,3,25,0,TARO,{D0461328-0926-434A-AD75-4895F666C39B},0,0,41958370.8832,26456.1296242
206,930,P,0514,514,3,20,6,3,13,0,PONDEROSA,{FF38546A-E2E4-41D4-A8A8-8DBF93838EC5},0,0,26543952.4789,20588.3818991
207,931,P,0050,50,3,28,6,3,13,0,BLACK CANYON,{B3F3EC1A-BA86-49C2-BCB3-2C712767B732},0,0,135495006.837,63945.7133395
208,932,P,0215,215,3,28,9,3,12,0,EL DOMINGO,{F8AF0A3B-72D1-4B67-A7AB-D2A03BBAA004},0,0,19058078.7274,22830.4260855
209,933,P,0438,438,3,20,6,3,13,0,MOUNTAIN SKY,{36723F5A-E938-4427-A7D7-9D02D87254A4},0,0,30421871.7236,27621.3521939
210,934,P,0732,732,3,15,6,3,25,0,WIKIEUP,{72A5D303-9635-495A-AE57-B0BBDA3A8A7D},0,0,15366772.5502,16784.6524814
211,935,P,0547,547,3,20,6,3,25,0,ROCKWOOD,{37540AAD-FAE2-441F-A1E5-500573401805},0,0,12293784.4197,16602.6867772
212,936,P,0018,18,3,20,6,3,13,0,ANDERSON,{8D270B0E-0BF6-4C3C-999D-208070E4FF0E},0,0,13831711.3415,15773.8767794
213,937,P,0123,123,3,24,9,3,6,0,COLONNADE,{57691ED4-0320-4EFC-84D0-8198F6797F6A},0,0,27781107.2291,21626.7949795
214,938,P,0627,627,2,24,9,2,6,0,ST FRANCIS,{1DC15EF4-9FBE-48B6-A1A0-3EF4847C20CF},0,0,13949179.396,15859.0612329
215,939,P,0608,608,3,24,7,3,2,0,SOLANO,{0E818B51-33E7-4001-9989-D388CE212536},0,0,30840839.9475,26459.3875603
216,940,P,0260,260,3,28,9,3,2,0,GLENN,{2F49C330-A5BD-4388-BD55-1EFBD9D94FB0},0,0,17915745.9498,18228.8993671
217,941,P,0034,34,3,30,6,3,8,0,AUGUSTA,{6818C118-64E7-4D85-982A-48986AAAEBD6},0,0,9862538.67432,13000.8302129
218,942,P,0286,286,3,30,6,3,8,0,HARMONT,{B0657870-245C-416F-BA4B-71CBCFCD0482},0,0,39798678.075,31999.6309542
219,943,P,0403,403,3,24,7,3,2,0,MARLETTE,{AB254FE4-348E-4C46-9BCF-6D6631F70374},0,0,28534636.5677,23677.5712035
220,944,P,0398,398,3,30,6,3,8,0,MANZANITA,{373C6D35-7E1F-49D4-B620-2AB680005118},0,0,14215311.4457,15927.5466287
221,945,P,0049,49,3,1,8,3,25,0,BISCUIT FLAT,{F723091E-F76B-4E3F-A23A-CE043940CD66},0,0,1211813543.97,158285.64396
222,946,P,0183,183,3,15,8,3,11,0,DESERT SAGE,{210787D4-49FE-4A61-80F3-79DCEAEA7DA5},0,0,745943048.012,125441.808168
223,947,P,0055,55,3,20,6,3,12,0,BLUEBIRD,{BDA76529-B668-42FF-B604-E08E5E9C928A},0,0,41465697.7281,26201.1261754
224,948,P,0594,594,2,23,6,2,15,0,SIERRA HILLS,{9DC0EF5E-9B8A-4E1C-8C1B-ECEE7E738238},0,0,189055813.638,77809.0456197
225,949,P,0537,537,2,23,6,2,15,0,RIO MONTANA,{C62A239D-5717-481A-8B57-5ED91EBD0A0C},0,0,55777516.5104,40341.9609499
226,950,P,0314,314,2,26,6,2,21,0,HONDA,{DF476751-F373-4FA8-953F-6454A5642E64},0,0,2356960187.89,269994.501836
227,951,P,0238,238,2,23,6,2,10,0,FORT MCDOWELL,{069CBCEA-AF83-4E9E-8192-C078A79BD9E3},0,0,1086538298.83,148425.452753
228,952,P,0086,86,2,1,6,2,25,0,CAREFREE,{B0DCD1DC-7BC9-4292-B828-4F8E82E46C13},0,0,245258557.452,106593.401596
229,953,P,0480,480,3,28,6,3,12,0,PALOMINO,{D8F3821C-C297-4CEA-A6ED-2978BB2DEFBE},0,0,41373706.9077,26565.1498523
230,954,P,0329,329,3,28,6,3,12,0,JANICE,{18AF0D98-E76A-4E73-BE0F-0672FAAEC964},0,0,23244054.579,22214.9500272
231,955,P,0114,114,3,15,6,3,15,0,CLEARVIEW,{5534481B-611E-4E44-9639-C11874CCE524},0,0,27968051.8824,21211.3672896
232,956,P,0276,276,3,28,6,3,12,0,GREENWAY,{0DF526AF-DF72-44F9-B65F-2E20D8B5A54F},0,0,39676676.9836,32316.5923506
233,957,P,0305,305,3,15,6,3,12,0,HILLVIEW,{F80F96DC-2FA2-4ADA-903F-C1FD4C1234D2},0,0,29204934.2067,21625.0371923
234,958,P,0230,230,3,15,6,3,15,0,EVANS,{88B62E59-5EF0-460E-A9A9-06A631496575},0,0,14085815.3986,15902.2680571
235,959,P,0587,587,3,28,6,3,12,0,SHADOW ROCK,{37A0DF60-D404-4CFC-AC12-652F60355D26},0,0,44676999.3954,37717.9398569
236,960,P,0032,32,3,15,6,3,15,0,ASTER,{52CD4706-4DAA-48A6-A3F6-442BDF393590},0,0,33019953.1544,24117.5102516
237,961,P,0208,208,3,15,6,3,25,0,DYNAMITE,{CA0EDC18-7902-48A4-AEB6-B429F26ECF5D},0,0,359871583.928,91090.5369407
238,962,P,0191,191,2,15,6,2,25,0,DIXILETA,{87D5691F-439E-437D-BEDE-C3C5204D873C},0,0,68793084.696,38744.176864
239,963,P,0120,120,3,23,6,3,15,0,COCOPAH,{79B50088-D233-41E7-B2D2-98CBF7E95E3B},0,0,37370978.1996,29217.2976485
240,964,P,0571,571,2,23,6,2,15,0,SAN VICTOR,{E904401D-221A-407A-9239-9B101451F4CD},0,0,40012670.3323,26663.743788
241,965,P,0108,108,2,23,6,2,15,0,CIELO,{2CA5C951-EA0E-4058-AEB6-D59F85020623},0,0,36685555.6536,31601.0348488
242,966,P,0390,390,3,28,9,3,12,0,MADISON HEIGHTS,{3B061C89-F268-43AD-AC33-CC7315141E81},0,0,103786538.86,42366.1157917
243,967,P,0195,195,3,28,6,3,15,0,DOUBLETREE,{C2804153-5305-4670-A402-D7EDE623B2E0},0,0,93345075.9717,52416.7964608
244,968,P,0345,345,2,28,6,2,15,0,KIVA,{B39B659F-84E8-4C69-98D2-983363629239},0,0,44029787.2814,42571.8811289
245,969,P,0104,104,3,28,6,3,15,0,CHENEY,{A35E54F4-6123-4A9D-B659-F8F8E499DA9A},0,0,151164509.372,57858.0561292
246,970,P,0666,666,2,23,6,2,25,0,TERRAVITA,{2E2012D8-7508-4AC8-BAEF-0A5CE067B9E5},0,0,211782452.481,88831.8748384
247,971,P,0418,418,2,26,5,2,10,0,MESA LINDA,{063D9EE6-9B63-4EB9-B3A2-8B86388960DB},0,0,26689165.7554,20259.9927207
248,972,P,0222,222,2,25,5,2,4,0,ENID PARK,{AD4C0E40-8269-438B-83B0-9BD3DAE19E86},0,0,27665626.0579,29664.7797298
249,973,P,0112,112,2,25,5,2,4,0,CITRUS GROVES,{8F9BC8E8-1889-4EEF-ACE5-44DD44813760},0,0,66964349.8049,61726.8345271
250,974,P,0566,566,2,25,5,2,4,0,SAN MICHELLE,{2071FE3B-90A0-4732-9F00-BFEA89A6094D},0,0,66740697.7761,46390.3837892
251,975,P,0527,527,3,1,6,3,25,0,RANCHO PALOMA,{8DF7E6C8-F131-4688-89E1-32A720E765AA},0,0,69166614.8991,40175.0653299
252,976,P,0688,688,2,25,5,2,4,0,VALENCIA GROVES,{1FA4FA32-7021-4763-B6F9-8E63B260EB49},0,0,27863299.2599,21120.2212523
253,977,P,0198,198,2,25,5,2,4,0,DREAMLAND VILLA,{593E8ED2-7BA9-47CE-80E9-E59DAA6081C0},0,0,48018303.57,49515.0906437
254,978,P,0668,668,2,25,5,2,10,0,TIERRA ESTE,{7DCDD954-2780-4A37-8F76-4370744E936A},0,0,20745874.0571,23241.3932607
255,979,P,0252,252,2,25,5,2,4,0,GENE AUTRY,{5294F2FC-1A97-43E5-9F4A-55453BDABDA1},0,0,55833140.0467,31648.3381632
256,980,P,0662,662,3,1,4,3,25,0,TABLE MESA,{1C3F7A24-BF6B-4390-A366-4EB5E1FF443F},0,0,2504460111.05,325633.368206
257,981,P,0508,508,2,12,5,2,16,0,PINON,{62B1531D-E467-4A12-A616-D55FD0A7CDC7},0,0,41915638.5206,26897.2777538
258,982,P,0569,569,2,17,5,2,16,0,SAN PEDRO,{5E5E77F2-2588-42A6-B181-041C9E9E6A96},0,0,44859738.7615,31457.7968519
259,983,P,0196,196,3,1,6,3,11,0,DOVE VALLEY,{8F7E84D8-0C32-40D7-8C17-ADECBB40BA3F},0,0,309854129.803,113627.110071
260,984,P,0235,235,2,17,5,2,16,0,FIESTA RANCH,{691F750F-D3EB-4BEC-BBC6-BB8F3498A4CB},0,0,55974970.4004,31759.9406867
261,985,P,0159,159,2,12,5,2,16,0,CULLUMBER,{6F3D2767-4F84-4683-8754-86EDF886E65B},0,0,27274589.3652,25977.8580287
262,986,P,0076,76,1,18,9,1,19,0,CAMELOT,{A1C6A375-27D3-45D9-A87B-FAA0417C6F6E},0,0,78691263.9427,46365.0809355
263,987,P,0061,61,1,12,5,1,24,0,BROOKS FARM,{CB1820E2-11D5-4D10-9DC6-7B28757B7FE8},0,0,158460966.781,65567.7825607
264,988,P,0586,586,1,12,5,1,24,0,SEVILLE,{9B21529D-29DE-4C12-B62E-490B36CC80CE},0,0,94447461.7537,43325.9730245
265,989,P,0735,735,2,16,5,2,24,0,WILLIAMS FIELD,{3B94D5C4-56EB-4B91-BC41-E5F7FB6C2BF3},0,0,406718518.338,93684.6978051
266,990,P,0700,700,2,23,4,2,15,0,VISTA VERDE,{2B346505-9E20-4981-A4E6-C270E87B6DCF},0,0,614502050.392,120416.247643
267,991,P,0375,375,2,23,6,2,25,0,LOMA VERDES,{614AAD57-C6F7-451D-A13C-F6F68EBBA647},0,0,113274741.241,53405.1116265
268,992,P,0179,179,2,23,6,2,15,0,DESERT HIGHLANDS,{B5F729EC-800C-410E-804D-10EB2B9ED2C5},0,0,957927016.795,181076.487283
269,993,P,0492,492,2,23,6,2,15,0,PECOS,{D14D3C4E-75FA-477A-BF1A-A80D2368F3D8},0,0,34411177.3892,26036.1864975
270,994,P,0485,485,3,24,7,3,2,0,PARK CENTRAL,{204CB0C2-D5DE-4DEB-B60A-4BD7F9EF7CA7},0,0,42062869.4241,26483.5702147
271,995,P,0519,519,2,23,6,2,15,0,PUEBLO,{BF2B1219-113D-4AF8-B772-D29CBC5DF3A2},0,0,35464421.1875,36193.8192244
272,996,P,0214,214,3,30,9,3,13,0,EL CARO,{4B9F13D3-5578-4E70-BD71-8163E5716878},0,0,40279283.9654,28960.4011847
273,997,P,0744,744,3,24,9,3,6,0,XAVIER,{BAA7E76D-D7E9-485E-9F5F-2DD879460FEE},0,0,21284380.8563,23927.7331358
274,998,P,0498,498,1,27,9,1,19,0,PEPPERWOOD,{5EA44785-93AD-4927-B418-7163164C0A8E},0,0,22027657.1386,19775.2630788
275,999,P,0469,469,2,24,6,2,15,0,PAIUTE,{3CDD93EE-6B37-4D4D-AFEF-61FA33276CEB},0,0,27464186.2944,26324.4368112
276,1000,P,0406,406,3,30,7,3,2,0,MARYLAND,{6EC4E59E-98C0-4051-88A6-F139470680C7},0,0,20487611.0107,18325.3112326
277,1001,P,0580,580,2,23,6,2,15,0,SCOTTSDALE,{13F57F02-05B9-4773-83BC-12764A0B4F6F},0,0,46010106.3427,44182.1969114
278,1002,P,0576,576,1,12,5,1,24,0,SANTAN,{A788FAD2-E458-46CC-A327-CB7BF1717DCD},0,0,91948455.6054,50417.7240365
279,1003,P,0374,374,3,24,9,3,6,0,LOMA LINDA,{13AA6B4F-1410-472F-B92B-52ABD8ECEBAB},0,0,30105416.6797,24514.9787488
280,1004,P,0454,454,1,17,5,1,3,0,OAKWOOD COUNTRY CLUB,{5161453B-1D4E-4201-9A68-0E032F33A49C},0,0,55436164.3203,31351.8722793
281,1005,P,0625,625,2,1,4,2,25,0,SPUR CROSS,{6AFAD639-0D25-4F18-9AAC-F1D3F945A299},0,0,2012890748.74,209813.757251
282,1006,P,0180,180,3,1,8,3,11,0,DESERT HILLS,{3D09911F-48D0-41B7-9E44-00BBED176544},0,0,333122270.917,93422.2499385
283,1007,P,0366,366,2,25,5,2,4,0,LEISURE WORLD,{56ED2F5A-A549-4EBD-8622-395D34235617},0,0,38260443.9777,25179.4251927
284,1008,P,0689,689,1,26,9,1,18,0,VAN NESS,{5C5011C3-EFFC-477F-A3F4-A393114E9906},0,0,12861483.2528,14752.8455464
285,1009,P,0320,320,2,24,9,2,6,0,HUBBELL,{BE8D054E-1537-41BE-ACAC-ECE14AFC7D48},0,0,14078854.0411,15988.0783283
286,1010,P,0481,481,1,24,9,1,6,0,PAPAGO PARK,{4AF746C9-02B2-42C3-98DB-68E8D7984F9C},0,0,83602773.1089,45441.1506209
287,1011,P,0132,132,3,28,6,3,15,0,COPPER HILLS,{0BF03989-7560-41F3-A225-F571064B413C},0,0,34768735.3782,26363.00194
288,1012,P,0440,440,3,28,6,3,12,0,MUMMY MOUNTAIN,{D85566C3-07A7-425F-9F9F-66E5710B2955},0,0,39443217.2248,31959.3583791
289,1013,P,0722,722,2,23,6,2,15,0,WESTWORLD,{A5459403-A09F-4494-8994-3FE036451B0C},0,0,115279052.431,45370.1129742
290,1014,P,0168,168,3,1,8,3,11,0,DEADMAN WASH,{B5C91E32-A445-443C-902D-9AE77F28CB8E},0,0,301184840.636,109117.296012
291,1015,P,0095,95,3,15,6,3,25,0,CAVE BUTTES,{EE14E01F-6510-4162-BD22-00F3D7107212},0,0,199745996.426,66418.0784225
292,1016,P,0169,169,3,15,6,3,25,0,DEER VALLEY,{103537D5-1C4F-4B9F-B455-2DD1A33EAA4F},0,0,190088486.409,69961.6800814
293,1017,P,0478,478,3,28,6,3,15,0,PALO CRISTI,{7DBB7A29-D48E-433B-B7A9-97E59B813EFA},0,0,98203203.9349,60068.3915651
294,1018,P,0441,441,1,17,5,1,3,0,MUSKET,{4CCBDD00-1259-4DBE-B08D-21B3DAACA52B},0,0,77726373.9007,58632.8624712
295,1019,P,0064,64,3,20,6,3,25,0,BUFFALO RIDGE,{D2548100-7165-4E01-88C1-0EBE4D04E8FC},0,0,42321326.0996,32109.4822013
296,1020,P,0393,393,3,20,6,3,11,0,MAGGIE,{5EBDDE50-22A5-42E4-A282-A6B2ECD8CC3B},0,0,20440211.2437,21057.6915538
297,1021,P,0651,651,3,28,9,3,13,0,SUNNY HIGH,{44A82CBE-568F-407C-88E3-7ABED95E4A32},0,0,45314758.5684,31686.260528
298,1022,P,0572,572,1,18,9,1,19,0,SANDIA,{04D9FFAC-2BC3-4430-8ED0-8E76A815602B},0,0,24672367.2486,23738.1180878
299,1023,P,0502,502,3,24,7,3,6,0,PIERCE,{2E74CA8E-61DA-486A-B4ED-635FBB3AC761},0,0,21127249.7784,18743.9135014
300,1024,P,0667,667,3,24,9,3,6,0,THOMAS,{D8ADB336-AC9A-422F-BD8C-4CE1711F0658},0,0,6891465.30945,13160.595923
301,1025,P,0079,79,1,18,9,1,19,0,CAMPBELL PARK,{65AECBF4-B3F0-4647-9E64-2B01D56D6B47},0,0,29232641.8923,26564.9684432
302,1026,P,0729,729,2,16,5,2,24,0,WIER,{A08E7E79-0F31-4C9A-8454-ECE97EC74051},0,0,24504911.9608,21159.1129777
303,1027,P,0038,38,2,16,5,2,4,0,AZTEC SPRINGS,{12225F09-94F7-4502-8EB0-C74D0AA35B2A},0,0,48880073.6497,36940.8192812
304,1028,P,0135,135,1,18,9,1,18,0,CORBELL,{E3FC3846-A106-4C64-976C-0C905AA5A938},0,0,42476636.9897,31729.9345002
305,1029,P,0294,294,2,16,5,2,4,0,HAWES,{83161F99-5507-44AB-A087-F3C5284E70A0},0,0,43872733.6519,33114.2859869
306,1030,P,0115,115,3,28,6,3,12,0,CLEARWATER,{89544796-D042-4546-B68F-C652073A180C},0,0,57085714.1043,33364.4644561
307,1031,P,0525,525,3,24,9,3,2,0,RANCHO,{8488DFAF-67A0-4643-93DA-C1FB304B70AC},0,0,27861983.7787,28616.454677
308,1032,P,0248,248,1,24,7,1,6,0,GARDENS,{6ED60E31-00EC-4971-91FE-B8829B613985},0,0,14084158.4664,15910.3272147
309,1033,P,0261,261,3,24,9,3,6,0,GLENROSA,{7F13154F-8396-44B4-B365-79D955BEF726},0,0,12456205.5166,21597.971139
310,1034,P,0381,381,2,26,9,2,10,0,LONGMORE,{C32B75AF-05EA-4CF2-BF8D-340E87219CB5},0,0,48746317.8523,41878.1692971
311,1035,P,0118,118,2,25,9,2,10,0,CLOVER,{C692A01C-82E8-427D-A79A-49413A9EE103},0,0,15030366.4443,24372.8378229
312,1036,P,0233,233,2,16,5,2,24,0,FENIMORE,{78A2EDC3-0BAF-4A1A-ACFC-A24C4B9ECA09},0,0,127541328.539,56758.6639467
313,1037,P,0257,257,1,12,5,1,16,0,GILBERT,{F4C7BD33-90FF-42A4-BD78-840F113ABB8A},0,0,27481595.4604,21819.8892311
314,1038,P,0129,129,1,17,5,1,3,0,CONCORD,{32647A5B-A02F-4BFD-AFB5-27FC67F7820F},0,0,13995125.1704,15881.1715516
315,1039,P,0691,691,1,17,5,1,3,0,VELERO,{616E42B3-538A-49E9-A0BB-7A1C4CBC6909},0,0,14353676.6688,16958.0877948
316,1040,P,0430,430,3,15,6,3,11,0,MOHAWK,{24824B5D-EBE3-4692-8E25-D4A1DA4A30D5},0,0,110164849.802,42620.7127649
317,1041,P,0096,96,2,1,6,2,25,0,CAVE CREEK,{A311382C-C1BB-47BE-9572-FF72125F43FE},0,0,679932116.835,134513.804493
318,1042,P,0271,271,2,23,6,2,25,0,GRANITE MOUNTAIN,{7C795244-F186-4630-B20C-32EF3623C8FE},0,0,1111682385.23,204726.795218
319,1043,P,0444,444,3,1,8,3,25,0,NEW RIVER,{19A2168F-0D2F-4B42-A0B1-F54DC4C22B5C},0,0,1004758462.05,154176.714363
320,1044,P,0463,463,3,24,9,3,13,0,ORANGEWOOD,{AB078CDD-5574-40D9-AC0E-F927B23BD2C6},0,0,13520527.826,15665.7276443
321,1045,P,0278,278,3,20,6,3,25,0,GROVERS,{850B8382-5482-426F-94FF-91CFF58F6A8A},0,0,27126533.8287,20855.9651292
322,1046,P,0231,231,1,25,9,1,21,0,FAIRWAY,{3B394FE4-E6F4-4A25-9971-030E7C3CFBBD},0,0,84507584.8966,56638.7534736
323,1047,P,0726,726,2,23,9,2,15,0,WHITTON,{BDAA5920-1629-4C5A-8E70-6C0784526C3E},0,0,2991695.4389,7951.85059195
324,1048,P,0540,540,2,23,6,2,15,0,RIO VERDE,{8737B392-EA81-4CB6-887B-76AEC80464AC},0,0,573287444.64,177015.349268
325,1049,P,0543,543,1,26,9,1,21,0,RIVERVIEW,{B379293C-66A2-4C3D-9EB3-A81D750D5DDD},0,0,21311714.8973,21467.8983253
326,1050,P,0285,285,3,15,8,3,11,0,HAPPY VALLEY,{DB3A1A58-CA60-4D6E-86E0-1731AFCA852B},0,0,47195806.8774,29225.5778305
327,1051,P,0607,607,1,27,7,1,19,0,SMP 3,{4100A330-84E6-4221-996A-1264E6122EDF},0,0,1976484.61621,5835.25345883
328,1052,P,0606,606,1,27,7,1,19,0,SMP 2,{A80FE0F5-4FB4-45BB-B168-8BE3B5483029},0,0,3110940.2005,7738.85227495
329,1053,P,0605,605,1,27,7,1,19,0,SMP 1,{F15D72EE-FB88-4088-BB03-370B8A11268D},0,0,3338797.05118,8199.06366003
330,1054,P,0717,717,1,18,9,1,19,0,WESTERN STAR,{22A3FA99-28FE-4D74-9A61-27DDD035B496},0,0,24149702.0759,21092.2446693
331,1055,P,0595,595,1,12,5,1,16,0,SIERRA MADRE,{F551A448-CDCF-4EEF-9E17-8DC5D77BA342},0,0,27825939.4479,21099.9476088
332,1056,P,0088,88,1,17,9,1,3,0,CARLA VISTA,{0972BF00-596C-4B8E-872E-0A6D8D43B36D},0,0,28407302.8936,21325.1360792
333,1057,P,0022,22,2,16,5,2,24,0,APACHE,{76E7BFCF-4AE0-4EA8-BB91-02B0F36E96F9},0,0,21762524.9077,21790.9737804
334,1058,P,0042,42,1,17,5,1,16,0,BAYSHORE,{D7FFBA8C-714B-4CB2-8CA1-B8E0BD8B3AA0},0,0,52414787.0529,31770.4544209
335,1059,P,0035,35,2,16,5,2,24,0,AUGUSTA RANCH,{F94EB155-BAC2-4960-85FD-763E74CA3D02},0,0,27816008.6168,21107.6649006
336,1060,P,0488,488,2,16,5,2,24,0,PARKWOOD,{BE98E06E-2780-41BC-B9E8-E7F00E524654},0,0,84958427.6294,42969.8282935
337,1061,P,0210,210,2,16,5,2,24,0,EASTMARK,{C97218D4-2BCA-40E6-8BCC-A49E2AB45E5D},0,0,40248537.8099,25612.912233
338,1062,P,0511,511,1,12,5,1,16,0,POCO BUENO,{96AF95AC-7280-4B30-86E4-9D89584031F8},0,0,84613465.1729,42965.6214378
339,1063,P,0518,518,1,12,5,1,16,0,POWER RANCH,{968D524A-9897-40C8-A88F-A0E8B41C0F9D},0,0,50025207.1106,32349.2890736
340,1064,P,0358,358,1,12,5,1,24,0,LAS COLINAS,{3FD93D18-619E-4852-A577-62B16B7623BD},0,0,53056636.8749,37563.533664
341,1065,P,0197,197,1,18,9,1,10,0,DOVER,{7A978278-5650-4580-80E6-1267B9862959},0,0,11319281.0646,14027.3845458
342,1066,P,0417,417,2,25,5,2,10,0,MESA GRAND,{C9D47C3D-A0AC-4F8D-A9E7-29B3166F5A7A},0,0,13810732.5409,15752.9755869
343,1067,P,0289,289,2,25,5,2,10,0,HARRIS,{F68FBC49-AFCD-4D10-B5E3-4FDF25746CBC},0,0,14738716.2675,16516.3759262
344,1068,P,0450,450,2,25,5,2,4,0,OAK PARK,{8F0997E6-38AB-4E74-8EBA-198223D66A6A},0,0,8920980.30359,15175.9689487
345,1069,P,0258,258,1,12,5,1,16,0,GILBERT GARDENS,{A096054A-4DAF-4C46-B7A1-99B8A1E00B9C},0,0,54376447.4462,31033.3876623
346,1070,P,0677,677,3,1,8,3,11,0,TRAMONTO,{25314AC5-C28B-4882-A36E-008C4F630393},0,0,167990252.761,84209.7579068
347,1071,P,0167,167,2,23,6,2,15,0,DC RANCH,{AA5926B5-3B44-49FE-B28B-163FA360C7C8},0,0,178685386.53,66350.245562
348,1072,P,0377,377,2,15,6,2,25,0,LONE MOUNTAIN,{57F77CCC-D884-46D8-A900-0048E2CEDD88},0,0,201710828.874,76557.396137
349,1073,P,0266,266,2,23,4,2,10,0,GOLDFIELD RANCH,{1355FCB4-637A-4FBF-A9A7-2F10C7F2775E},0,0,7625864319.84,658860.258021
350,1074,P,0302,302,1,12,5,1,16,0,HIGLEY,{3032AD21-1645-4545-A0E5-3B25E577BC12},0,0,82521027.351,41788.326477
351,1075,P,0654,654,1,12,5,1,16,0,SUNNYVALE,{77F3FBF0-1C07-448D-9F60-8BC8A6D3A7F4},0,0,53615243.3543,32244.8061993
352,1076,P,0005,5,1,12,5,1,24,0,ADORA,{D13FE1CC-69AA-47EF-BF79-AE7A753A55D3},0,0,104041505.225,57398.5756667
353,1077,P,0281,281,2,26,9,2,10,0,GUERRERO,{3B03C1F1-3734-4B70-A988-0E94D1FAD18C},0,0,41153324.1198,31448.9232954
354,1078,P,0178,178,2,16,5,2,24,0,DESERT HAVEN,{411658B5-094A-414E-8455-280F30FDEE37},0,0,39834511.7371,26585.9092477
355,1079,P,0665,665,3,15,6,3,25,0,TATUM,{FC4B2FF4-5040-4685-A506-B1A108BC86F1},0,0,313761385.543,76813.2644695
356,1080,P,0223,223,2,25,5,2,4,0,ENTZ,{8705181F-7236-4521-BBD3-5181979B63AC},0,0,27722740.5844,21079.6189992
357,1081,P,0346,346,1,26,9,1,21,0,KLEINMAN,{A4EEBC13-F920-4C81-98B2-DDDA91EB4DE1},0,0,47091065.2092,31344.5884602
358,1082,P,0447,447,3,15,6,3,11,0,NORTERRA,{8A992A72-1AB8-4DB1-B136-ACF90FD2206E},0,0,618254509.946,108323.488664
359,1083,P,0413,413,1,24,9,1,6,0,SUPAI,{EEEAD36F-B200-40D0-892D-5D27226CC9A1},0,0,24213672.6382,23766.6804298
360,1084,P,0506,506,2,23,6,2,15,0,PINNACLE PEAK,{D071871F-3E6E-4F81-9091-11F15F8EC61B},0,0,1241252753.11,203714.378353
361,1085,P,0650,650,2,16,5,2,24,0,SUNLAND VILLAGE,{8966974D-1722-4788-A576-B29A4F628E75},0,0,55143891.2305,31517.9409753
362,1086,P,0415,415,1,17,5,1,3,0,MCQUEEN,{7840D2E9-ABD7-4649-BDA5-DD885968E994},0,0,83873070.4228,42354.4231443
363,1087,P,0558,558,1,12,5,1,16,0,SAGEBRUSH,{C8C5AB3F-677E-4D7A-B3A2-1F9125A48883},0,0,83014283.5013,42014.4729768
364,1088,P,0394,394,1,18,9,1,19,0,MAGIC STONE,{611E7E0D-4311-4768-8287-3BFD74814F3E},0,0,49005877.6063,29191.0475507
365,1089,P,0083,83,2,16,5,2,24,0,CANYON RIM,{CB2F15C7-F680-4286-9AF3-1FA4857842B4},0,0,55805996.2351,31727.1258694
366,1090,P,0372,372,2,16,5,2,24,0,LOBO,{6E016153-92C9-428C-9456-03A9C092854D},0,0,27907868.4238,21134.9208468
367,1091,P,0025,25,1,17,5,1,24,0,APPLEBY,{43EC7DF5-74BF-4880-B43A-BC2634CF3D63},0,0,87955092.3565,52725.0464013
368,1092,P,0364,364,1,17,5,1,24,0,LAYTON LAKES,{3D376B1B-4FAD-471D-BE8F-7C37D0074783},0,0,8018249.44666,11997.5715303
369,1093,P,0504,504,2,23,6,2,15,0,PIMA,{35CD67CA-FB62-4CF4-9F83-B3FB83AD6D31},0,0,20625849.434,21080.952106
370,1094,P,0109,109,3,15,6,3,25,0,CIELO GRANDE,{0F6EC71C-81FD-42BF-871D-6D98325F5D7F},0,0,86597488.4915,40585.4741924
371,1095,P,0471,471,2,25,5,2,10,0,PALM GARDENS,{95FAE397-290C-44E6-B303-9F84BDABDD7F},0,0,7196573.86572,13194.5392441
372,1096,P,0200,200,2,23,6,2,15,0,DREYFUS,{B5AD97F5-1B47-4CCF-8F24-22F778E8ECB1},0,0,17146311.9564,17647.6331648
373,1097,P,0207,207,1,26,9,1,19,0,DWIGHT,{F2193D7F-ECD5-4CEB-BE46-56567F23CC92},0,0,28533981.2471,26638.9444743
374,1098,P,0279,279,2,25,5,2,10,0,GROVES,{C39C2641-9E35-4D90-9302-99B349A734B8},0,0,89775358.3076,56524.8128313
375,1099,P,0094,94,2,12,5,2,16,0,CATAMARAN,{C7FF1B37-E3F7-4732-8C16-1580267EFD56},0,0,26599365.1403,20433.5871063
376,1100,P,0078,78,2,12,5,2,16,0,CAMPBELL,{2503D825-92B6-43AA-8238-E58A6AD08A30},0,0,43063565.3555,27230.4025411
377,1101,P,0724,724,1,12,5,1,16,0,WHITEWING,{CE5FD548-6207-4924-A357-064E1BF8149C},0,0,87315356.1783,45228.2813136
378,1102,P,0634,634,2,16,5,2,4,0,STRADA,{A9A72C4D-A6C8-45A9-94AE-3D9D890FEA5E},0,0,1512305.98541,10057.1314307
379,1103,P,0556,556,3,24,9,3,6,0,RUBY,{82EC642E-F434-49F2-B14F-A9B25A5B6E89},0,0,36659568.9675,26889.2802006
380,1104,P,0473,473,3,28,9,3,12,0,PALMAIRE,{372C75FE-AF0B-46F3-98D3-8BE97980108F},0,0,9787539.20074,14518.1391554
381,1105,P,0672,672,2,25,5,2,4,0,TONTO,{21AE32CD-14F0-40ED-8234-02EEEF8E48D9},0,0,37933217.5401,32610.6055432
382,1106,P,0113,113,2,1,6,2,25,0,CLAY MINE,{4B49346F-8579-466A-9CEC-434B0FE6CC00},0,0,372578360.376,96702.2847311
383,1107,P,0554,554,3,28,9,3,6,0,ROVEY,{51637E6E-6B4E-4EE5-86BF-688F843216F8},0,0,19105652.0736,23566.6146622
384,1108,P,0355,355,3,28,9,3,6,0,LAMAR,{923302B7-B810-418B-9949-36BDA1694565},0,0,14092780.1405,15926.1818838
385,1109,P,0253,253,1,17,5,1,3,0,GERMANN,{A3368202-BA4C-4B42-A713-E0FCF603AC98},0,0,148920419.284,59108.0230239
386,1110,P,0157,157,1,12,5,1,16,0,CROSSROADS PARK,{752495BE-5061-4D40-9A7F-F01A61E85144},0,0,54984857.2151,31411.9156656
387,1111,P,0187,187,1,18,9,1,3,0,DESOTO,{DDFFE6E1-9009-4FC2-9E56-053CC8A5A843},0,0,14286712.9003,15989.4403687
388,1112,P,0512,512,2,12,5,2,16,0,POINCIANA,{DD6A78B8-7254-46E7-8B61-15FF60D2B14A},0,0,39583086.0878,25368.6823918
389,1113,P,0494,494,2,12,5,2,16,0,PEGASUS,{82D6160C-8EE4-4494-BEF0-C2586DB4F831},0,0,32579076.959,27113.3629749
390,1114,P,0361,361,2,23,6,2,15,0,LAUREL,{069EE599-EA6C-4620-8AC7-89EECBCE2902},0,0,21241325.7444,26033.7873254
391,1115,P,0534,534,2,23,6,2,15,0,RHODES,{38537188-8914-4E30-A562-A6FC630DC4CE},0,0,11662889.7281,16117.1669393
392,1116,P,0296,296,2,26,9,2,10,0,HERITAGE,{C09E56C2-6A49-4215-BFB2-BB19B6721886},0,0,38408303.9701,34310.8909223
393,1117,P,0217,217,2,26,9,2,10,0,ELLSWORTH PARK,{2F4B507C-05C4-471B-8725-B6DBF1A1889B},0,0,22866520.2128,20258.6752293
394,1118,P,0496,496,2,26,9,2,10,0,PENNY LANE,{F9434FB5-3573-4378-A7AE-CF0A668D2691},0,0,16092971.4611,17807.7739422
395,1119,P,0155,155,2,25,5,2,4,0,CROCUS,{A6962980-1F3F-4C0A-BDDF-47B28241ABE4},0,0,13976073.7931,15816.2006317
396,1120,P,0698,698,2,24,9,2,6,0,VIRGINIA,{F23B9119-AF28-4B40-B466-1836D17D5B94},0,0,27964771.8961,21157.8667844
397,1121,P,0140,140,2,24,9,2,6,0,CORONADO,{8D233019-D6AF-4F79-AF42-334A664CF001},0,0,27730251.4455,26276.2105564
398,1122,P,0505,505,2,23,6,2,15,0,PINE VALLEY,{15D4D6E9-37D8-4F6D-B273-02ED48B440EC},0,0,145612947.154,59426.0219731
399,1123,P,0570,570,2,23,6,2,15,0,SAN SIMON,{FE64E71D-DCFE-4FF2-A3DD-9132D13C8F64},0,0,14749980.808,17859.7619816
400,1124,P,0486,486,2,23,6,2,15,0,PARK MEADOWS,{C982FC92-993F-42C8-9661-E49C7C43140F},0,0,28179283.2613,21239.8842624
401,1125,P,0220,220,1,17,5,1,3,0,EMMETT,{4D55A777-050F-4A11-A3E8-1CC739DDF72E},0,0,47750029.094,37016.4964236
402,1126,P,0335,335,3,20,6,3,11,0,JUNIPER,{B51C1CF2-39D0-4B22-89BC-7ADD5D0B0B02},0,0,13613658.2357,15750.667497
403,1127,P,0045,45,3,28,9,3,6,0,BETHANY,{A5F3D6F7-A975-4ACF-B81F-EE64029D38C3},0,0,35846973.8856,31470.2657205
404,1128,P,0081,81,3,20,6,3,13,0,CANTERBURY,{DC3996D4-2BDC-4FAB-BE24-CE1FBAED1856},0,0,27558759.9534,31066.3110892
405,1129,P,0110,110,3,28,9,3,6,0,CITRUS,{0B0A683A-460D-437D-AD54-8C52953638AC},0,0,16651571.4623,16410.5753339
406,1130,P,0609,609,3,28,9,3,2,0,SOLCITO,{7FBE10B6-42C0-4C43-A889-8F04C72A064C},0,0,12949469.24,18688.0062307
407,1131,P,0449,449,3,28,6,3,12,0,NORTON,{24250EA5-0DD5-4BF9-9578-617C5A23B1C8},0,0,11102149.0985,13906.4557581
408,1132,P,0675,675,3,30,9,3,13,0,TOWNLEY,{8C2B185D-CF75-4137-B4EC-527B22EA74DC},0,0,13369246.4688,15365.8825313
409,1133,P,0577,577,2,23,6,2,15,0,SANTO,{E5B144FA-C592-4DFF-A30E-E9EC357109A9},0,0,24248882.9367,21087.0476447
410,1134,P,0211,211,2,16,5,2,24,0,EASTRIDGE,{D83B6353-2C64-4D6A-9728-966BB6884D0E},0,0,67384224.351,40806.0636611
411,1135,P,0568,568,2,25,5,2,4,0,SAN MONTEGO,{D8A99368-3B39-4230-9F74-29BC357DE133},0,0,26349274.7441,21401.4533874
412,1136,P,0262,262,2,25,5,2,10,0,GLENVIEW,{BA903F2E-1244-4574-BB42-5DFF7CB4AF8D},0,0,43619603.0965,35788.3751936
413,1137,P,0648,648,2,23,4,2,10,0,SUNFLOWER,{CC26092D-7C69-4D2D-A0D4-4EACBCCD8258},0,0,3924870369.76,376504.828353
414,1138,P,0272,272,2,23,6,2,25,0,GRAYHAWK,{6E69D7DC-51D1-41B2-ACFC-CC935CCD89F3},0,0,44961437.7591,30052.1612652
415,1139,P,0339,339,2,28,9,2,15,0,KAIBAB,{054FAB1B-C509-4634-A3A7-B538E6D72217},0,0,36027195.7438,31696.4376982
416,1140,P,0409,409,2,26,5,2,10,0,MCAFEE PLACE,{02A60816-DFF9-4263-9FF8-0151DDC64E07},0,0,11261410.1873,17773.9038344
417,1141,P,0411,411,2,23,6,2,15,0,MCDONALD,{FFEF7F29-97D0-49BB-BB99-9B972E70D5FC},0,0,8547178.70404,12301.406954
418,1142,P,0660,660,2,23,6,2,15,0,SUTTON,{B28B9557-636A-4B6C-B961-49C9BDC7D26C},0,0,15298588.0801,16628.3889093
419,1143,P,0053,53,2,16,5,2,24,0,BLOOM,{6F6B5D76-0F51-4F66-A7F0-FCB2F27F277B},0,0,27970604.7332,26458.7653039
420,1144,P,0467,467,2,16,5,2,24,0,OVAL,{49225245-9A57-4D9C-9D15-A3D2B088E085},0,0,253467684.967,63702.47939
421,1145,P,0201,201,2,12,5,2,16,0,DRIFTWOOD,{CB5A966D-8A33-4CD6-986D-E667C9DA8068},0,0,50525010.8444,31061.9630197
422,1146,P,0057,57,4,22,8,4,23,0,BONANZA,{F4D0302E-C798-49D2-80DD-0A4AD089E44F},0,0,43491551.874,28759.8841781
423,1147,P,0656,656,4,20,8,4,11,0,SUNUP,{A0090967-985B-429A-A685-C0EE339523B3},0,0,16012651.5869,18414.901911
424,1148,P,0628,628,4,20,8,4,11,0,ST MORITZ,{316CE02D-8394-475D-AAEB-33464666E7A9},0,0,21045080.3431,21863.593952
425,1149,P,0695,695,4,29,3,4,26,0,VILLA DE PAZ,{00F1F273-4E51-44BF-A160-B1848F6C1D72},0,0,27795148.4398,21201.6269046
426,1150,P,0734,734,4,4,8,4,1,0,WILDFLOWER,{CA7B249F-C144-4097-8F45-C9CB9355A873},0,0,75603178.787,39074.5086187
427,1151,P,0671,671,4,13,3,4,7,0,TONOPAH,{2309B864-1D40-44F6-8E1B-6F374C28C36D},0,0,5966505563.21,333448.708541
428,1152,P,0636,636,4,22,8,4,23,0,SUMMERSTAR,{A21247E7-80BE-4969-8ACC-534A416546D1},0,0,19860495.7414,20515.1141112
429,1153,P,0659,659,4,22,8,4,23,0,SURPRISE FARMS,{3BD05699-CDA5-440F-8775-971A9E44E969},0,0,54914630.7321,36752.9784994
430,1154,P,0219,219,4,21,8,4,14,0,EMERALD,{7DDD1BF3-FCD5-4984-B014-EBA615471E09},0,0,30715377.2181,24613.361566
431,1155,P,0370,370,4,15,8,4,11,0,LINDNER,{A4C6BA2D-2BAE-4D1C-A30C-5A6EB3EDE3EB},0,0,29373559.6218,21757.0494185
432,1156,P,0334,334,4,15,8,4,11,0,JULIE,{3B52AA2C-CED9-48D5-90DF-28E80AF22B5C},0,0,28250223.2166,21072.5230966
433,1157,P,0714,714,4,22,8,4,14,0,WEST WING,{F3D2FF93-BE00-481E-8E95-DA27C461EDC0},0,0,367822170.907,107328.591611
434,1158,P,0435,435,4,22,8,4,14,0,MONTOYA,{8D32333E-FF1E-4EA8-960A-72982BEFD7A3},0,0,89433881.2059,42162.5736181
435,1159,P,0604,604,4,21,8,4,14,0,SKY VIEW,{006D3896-8831-48C7-80AB-AB66A7CEA8DB},0,0,22523617.9626,25011.4608106
436,1160,P,0090,90,4,20,8,4,8,0,CARON,{4F9C7895-B257-4B86-B6CC-0B674FE1AA17},0,0,20668293.0772,20991.5638021
437,1161,P,0133,133,4,20,8,4,11,0,COPPERWOOD,{A602D22F-DE7D-4CDA-95EC-54477798B3D4},0,0,13501756.4562,15526.1312245
438,1162,P,0259,259,4,30,8,4,8,0,GLENCROFT,{12A2B3EE-11B3-4AFF-A03F-10B1FAD5FE25},0,0,26685128.5383,20730.8006409
439,1163,P,0161,161,4,20,8,4,11,0,DAHLIA,{B2E061C8-B313-4ED0-9364-29ED358AAF5F},0,0,27789870.28,21088.1030021
440,1164,P,0072,72,4,20,8,4,11,0,CALAVAR,{CE9E72F2-9EEF-4299-B44D-C419F44531E3},0,0,11134469.3036,15489.3451961
441,1165,P,0089,89,4,20,8,4,11,0,CAROL ANN,{9B1064BA-3088-4F9A-AF26-665AA99EC668},0,0,47758391.0666,31482.0165871
442,1166,P,0303,303,4,22,8,4,23,0,HILLCREST,{1028C321-BE40-46F3-8160-07E3FE62EFFB},0,0,38062690.6657,26759.7975354
443,1167,P,0145,145,4,20,8,4,11,0,COUNTRY GABLES,{F4E829F9-4992-4BE9-82F8-DD542B4CEFC7},0,0,16376890.0883,17406.8452412
444,1168,P,0153,153,4,22,8,4,23,0,CRESCENT,{97EA8A45-099C-4786-AA3E-30C57DD068D0},0,0,20286319.4673,18279.9885595
445,1169,P,0013,13,4,22,8,4,23,0,ALPACA,{48CB241A-8C6B-430E-8F5C-CE11CC857615},0,0,28248476.8514,23792.9967985
446,1170,P,0423,423,4,21,8,4,14,0,MIMOSA,{8C645501-6E83-4D09-BE7A-FF36BD5D060F},0,0,45072724.4853,31119.8142091
447,1171,P,0030,30,4,22,8,4,14,0,ARROWHEAD RANCH,{FC55776C-9B82-4FC2-B85C-AFE297D02AA1},0,0,14715877.6503,16101.8496006
448,1172,P,0590,590,4,21,8,4,14,0,SHASTA,{B832A8E0-8E71-4079-ABE1-68C6914F9C52},0,0,38233774.003,26111.6793866
449,1173,P,0638,638,4,21,8,4,14,0,SUN CITY,{D9FA9FAB-0812-4BBF-BDD2-60E0A46A88BE},0,0,37433116.5655,35675.0489864
450,1174,P,0353,353,4,21,8,4,14,0,LAKEVIEW,{09BB9F07-786D-4689-B811-A86875FDAFF6},0,0,21855291.9193,21503.6497884
451,1175,P,0555,555,4,21,8,4,14,0,ROYAL OAK,{B8C5D674-E0DA-4A4B-963F-CE8570C7FD66},0,0,29618112.2405,29188.8094057
452,1176,P,0251,251,4,20,8,4,11,0,GEMINI,{AAAD5286-C726-4135-AA43-D550F49345BE},0,0,25824792.6817,32145.501978
453,1177,P,0713,713,4,21,8,4,23,0,WEST POINT,{53A14EFD-B1C1-43AF-98F1-90D8A30F64EB},0,0,56092232.088,32014.6996619
454,1178,P,0277,277,4,22,8,4,23,0,GREYSTONE,{662758A6-5E33-4C34-BAFF-EC4DC6FECAFF},0,0,21046938.2675,21447.5974646
455,1179,P,0130,130,4,22,8,4,23,0,CONQUISTADOR,{A8EECAD4-7F46-4A59-908B-87DD2B96A223},0,0,28670780.3026,23440.6559993
456,1180,P,0150,150,4,21,8,4,23,0,COYOTE LAKES,{A1C09A84-653A-4E37-9164-01B7EDC03D03},0,0,59776685.9633,43235.2279842
457,1181,P,0644,644,4,21,8,4,26,0,SUNCLIFF,{E58E7C7B-1736-46F2-9ED8-080812E456F8},0,0,56131587.8026,31664.0507592
458,1182,P,0458,458,4,21,8,4,14,0,OLIVE,{041124E2-D69B-45EB-88DE-C809415CE665},0,0,33841275.8034,23747.3761751
459,1183,P,0156,156,4,21,8,4,14,0,CROSBY,{95BB710E-EFEC-4038-8971-581981DB3170},0,0,22006354.0645,21940.0714272
460,1184,P,0578,578,4,21,8,4,14,0,SARATOGA,{B5AEB15F-EAB1-4F44-8AD8-D875EE007073},0,0,17522319.5009,19184.1513351
461,1185,P,0536,536,4,22,8,4,14,0,RIMROCK,{2B8093A7-AD27-4024-90C4-F4648AD02A3A},0,0,28158465.7046,21222.8428486
462,1186,P,0690,690,4,21,8,4,14,0,VARNEY PARK,{214919C2-0CD5-4201-917A-DE8D1B200F9A},0,0,40744225.3857,44973.3618358
463,1187,P,0006,6,4,21,8,4,14,0,AGUA FRIA,{77CF7C78-AE43-493F-8AF8-9FF1E8DA852A},0,0,20380197.4345,29065.001739
464,1188,P,0077,77,4,21,8,4,14,0,CAMEO,{E0C28045-6BB4-4902-A6FA-57B10C7F7AF7},0,0,47287088.3666,31935.9543273
465,1189,P,0703,703,4,21,8,4,14,0,WACKER PARK,{6EBB9AE7-2194-4CD3-B51D-9EB089B20EC7},0,0,22623500.2341,23823.2891359
466,1190,P,0141,141,4,21,8,4,14,0,CORRINE,{BBDE6D17-A26B-4BF4-893C-0175DA921B9C},0,0,27946116.8445,21220.988905
467,1191,P,0621,621,4,22,8,4,23,0,SPANISH GARDEN,{87496E9F-4594-4FD5-AF82-A87C41DEC6EF},0,0,30539871.1579,25536.8806597
468,1192,P,0347,347,4,22,8,4,23,0,KODIAK,{2823CC2E-3712-4217-B9B7-4575EC6CF637},0,0,24209946.8441,23407.5355285
469,1193,P,0645,645,4,21,8,4,8,0,SUNDANCE,{31A36E02-621B-4EBA-BF76-6DFDDBABD910},0,0,15402447.6141,18259.9372858
470,1194,P,0497,497,4,21,8,4,8,0,PEORIA HEIGHTS,{853647D4-1BD6-40ED-91CE-462615348F59},0,0,25893897.8556,26959.3365978
471,1195,P,0626,626,4,21,8,4,14,0,ST CHRISTOPHER,{9795E3E5-9556-45B0-8FDD-4FDF2AA44521},0,0,13956969.7229,16163.0905244
472,1196,P,0533,533,4,22,8,4,23,0,REEMS,{B1982092-9AE6-4F85-B520-03E53CBB62D7},0,0,117806423.809,46580.6862047
473,1197,P,0330,330,4,21,8,4,14,0,JASMINE,{5F1A5262-AAB1-4131-AEB6-641A7499FF74},0,0,20276388.4066,24170.0526441
474,1198,P,0716,716,4,22,8,4,14,0,WESTBROOK,{F67E52FA-30DF-407B-9B5A-EAABA19A7F63},0,0,39235574.0908,25075.6188189
475,1199,P,0244,244,4,22,8,4,14,0,FRONTIER,{D09B5E7E-DAFD-4982-97B2-FE53144A35D7},0,0,73814682.4387,51326.6221748
476,1200,P,0269,269,4,22,8,4,23,0,GRAND,{2425B3E0-A027-4D1D-B82D-BDC4FA92AA01},0,0,88292693.6526,54268.4574919
477,1201,P,0284,284,4,22,8,4,23,0,HAPPY TRAILS,{8EA28CB0-E3FE-4B8F-BFD2-5ADEB537C134},0,0,17263363.8502,17380.8816406
478,1202,P,0676,676,4,22,8,4,23,0,TRADITIONS,{8A70B852-F4B4-46D5-A3EC-FFF1DFB6DBBF},0,0,29565678.2846,22364.137076
479,1203,P,0737,737,4,22,8,4,23,0,WILLOW CANYON,{BA7C8786-2A0C-4E8A-92C4-325F979E824C},0,0,69629378.6104,37124.0507026
480,1204,P,0521,521,4,15,8,4,11,0,PYRAMID PEAK,{58A67E4D-CA82-4F60-ACDD-3007A35D0027},0,0,122868577.225,57342.3419983
481,1205,P,0384,384,4,22,8,4,14,0,LOS GATOS,{58E5334E-5A97-4E07-BD73-744DF8C5A6B9},0,0,55702403.4928,32040.3568467
482,1206,P,0043,43,4,22,8,4,14,0,BEARDSLEY,{9A5EF5F1-5C84-4B26-9EAF-BE517B363D82},0,0,81575833.5355,42112.3859895
483,1207,P,0597,597,4,22,8,4,14,0,SIERRA VERDE,{E87C2B3B-522F-4808-927D-D63B6540C5C4},0,0,20862976.1946,20651.3388353
484,1208,P,0059,59,4,22,8,4,14,0,BREWER,{C1C03754-7E3D-4441-A88F-B0DA081EEC72},0,0,57202425.0179,33912.8330061
485,1209,P,0149,149,4,22,8,4,14,0,COYOTE HILLS,{D1585E9E-1944-44F5-B812-7C55939D1945},0,0,59702511.7328,35233.9032919
486,1210,P,0706,706,4,22,8,4,14,0,WAHALLA,{BF12A3C8-A9F4-4356-B190-C0DD873584CE},0,0,37368233.5723,32466.10384
487,1211,P,0020,20,4,22,8,4,14,0,ANGELA,{227F826D-08B1-4077-BF0F-94202D99EE61},0,0,40493352.4319,31822.0755374
488,1212,P,0333,333,4,22,8,4,14,0,JOHN CABOT,{E0CA2C9C-2A91-4DA0-B1AE-F62272342356},0,0,48632274.3376,32040.9446605
489,1213,P,0273,273,4,22,8,4,14,0,GREENBRIAR,{4420F0F0-9AC1-4B7D-A241-C06BA6282074},0,0,36171807.5719,26401.2251454
490,1214,P,0397,397,4,30,7,4,8,0,MANISTEE,{D24D4B95-6BBE-43BF-BB06-13F36C3A75AD},0,0,46617018.7171,35794.6081339
491,1215,P,0340,340,4,30,7,4,8,0,KALER,{3E96A358-03BF-4F72-B00A-21C8D8748F61},0,0,36611509.1624,26418.0979238
492,1216,P,0479,479,4,20,8,4,8,0,PALO VERDE,{9582B010-BDB0-41E0-9EE8-25E7CA92BDCD},0,0,41196299.7422,26182.0880658
493,1217,P,0069,69,4,30,8,4,8,0,BUTLER,{0212A38D-E82F-4D23-BFE4-E0E5908A9B58},0,0,48447583.5003,36792.1904128
494,1218,P,0510,510,4,20,8,4,11,0,PIONEER,{312EAE6A-9979-47D8-96E1-FEF0B25B860D},0,0,32924638.5358,23924.0394376
495,1219,P,0544,544,4,20,8,4,11,0,RIVIERA,{2BFF58B6-2B80-4687-BE3B-8FCE0DBC207E},0,0,13505031.6276,15577.6092323
496,1220,P,0560,560,4,20,8,4,11,0,SAHUARO RANCH,{9CC4C026-2461-4F64-AD7B-33A8E850149B},0,0,26964542.3552,20847.0719263
497,1221,P,0401,401,4,29,3,4,26,0,MARIPOSA,{8721DD3D-F7A3-419C-B9C8-29CC93BB588A},0,0,28398957.2856,21393.0430754
498,1222,P,0567,567,4,29,8,4,26,0,SAN MIGUEL,{E56723BE-142E-4472-986A-2C0CE07ADD41},0,0,125214118.023,62339.0890066
499,1223,P,0185,185,4,4,8,4,1,0,DESERT THUNDER,{5DA81D8E-7961-4825-A7F9-7484A7C5BC70},0,0,77024018.9884,42133.3460299
500,1224,P,0490,490,4,13,8,4,1,0,PEBBLE CREEK,{4A0D79FB-0275-4BAB-A327-FA1DD4D7A3A5},0,0,134393247.307,51500.3463765
501,1225,P,0186,186,4,13,8,4,1,0,DESERT VISTA,{5DB3E6AB-DD55-4093-AE19-3A2D2EE5E113},0,0,19402212.1424,22213.5446107
502,1226,P,0350,350,4,19,3,4,1,0,LA REATA,{0EA77E33-391E-45C0-8B66-0203F0F39B5E},0,0,14243328.2597,20613.5174457
503,1227,P,0143,143,4,13,8,4,1,0,COTTON LANE,{B772F047-3CF4-4FCD-9BDA-427503B2CA52},0,0,309980837.734,99050.4985747
504,1228,P,0189,189,4,19,3,4,26,0,DEVONSHIRE,{D73BFAF0-B97F-476A-A124-0A276FEEECDB},0,0,65846192.7181,36633.8526157
505,1229,P,0033,33,4,21,8,4,14,0,ATHENS,{8A9FF69B-872A-4A86-83E1-9D8C0684E6DE},0,0,21027254.4598,18622.577982
506,1230,P,0718,718,4,21,8,4,14,0,WESTGREEN PARK,{9A6E17BC-3D27-4114-87DD-E350BE6246F4},0,0,23792962.981,23854.8218937
507,1231,P,0007,7,4,13,4,4,23,0,AGUILA,{1FBDC295-C486-4EAA-94B1-953E72F7BE53},0,0,17111760455.6,569439.016623
508,1232,P,0405,405,4,13,3,4,1,0,MARTIN,{A0C137F1-DAF2-4D2A-9959-8D2F2623C9A2},0,0,654034849.619,105222.662944
509,1233,P,0291,291,4,13,3,4,1,0,HASSAYAMPA,{F6AC761A-6F1E-4E0C-A3EE-A4DC37B849A4},0,0,724584101.935,137369.323085
510,1234,P,0464,464,4,13,3,4,1,0,ORANGEWOOD FARMS,{05C99273-96FC-4294-9E0C-EBE90082A828},0,0,369657700.378,80671.6854322
511,1235,P,0664,664,4,13,4,4,1,0,TARTESSO,{80572B96-3AF4-49EE-87A2-1C778CEE36BB},0,0,655818775.21,122296.665476
512,1236,P,0685,685,4,13,4,4,1,0,TUTHILL,{2370D1F8-0441-42BC-8711-1017E9D0FDA4},0,0,594242303.5,152630.126269
513,1237,P,0044,44,4,20,8,4,8,0,BERYL,{B5241D23-CF5D-4A6A-B66D-64670518DA9F},0,0,13809243.1851,15769.243044
514,1238,P,0162,162,4,20,8,4,11,0,DAISY,{C038B779-E4BC-4E3D-BCA2-11BEADEA7FE9},0,0,16249980.7906,18498.7873785
515,1239,P,0728,728,4,13,4,4,23,0,WICKENBURG,{2189ED04-44AA-4607-BC6D-3FD718645739},0,0,9013480984.54,494954.822698
516,1240,P,0487,487,4,22,8,4,14,0,PARKRIDGE,{1B7BA598-1FF3-4E19-A88D-C86C20B1791C},0,0,40118641.5485,26217.9177764
517,1241,P,0658,658,4,21,8,4,23,0,SURPRISE,{D409574A-A1E7-437A-BA62-B5BCCA6A4C62},0,0,39287583.8858,29105.3073783
518,1242,P,0748,748,4,22,8,4,14,0,ZUNI HILLS,{7B9CAB55-B9E6-4408-A6B7-1415CFC8CE33},0,0,142785741.419,81274.5146138
519,1243,P,0137,137,4,29,3,4,26,0,CORDONIZ,{067EE52D-1E41-44FF-A191-C5B7C2CE8E64},0,0,50316161.8055,33141.2501152
520,1244,P,0439,439,4,22,4,4,23,0,MOUNTAIN VISTA,{74D34A00-3D44-4DCB-A070-9D3D3E884376},0,0,2974687052,281949.639172
521,1245,P,0014,14,4,13,8,4,1,0,ALSUP,{D3DBF7AC-C11C-4821-933F-9C34816F35FE},0,0,460349421.548,116502.334757
522,1246,P,0146,146,4,29,8,4,26,0,COUNTRY MEADOWS,{F40FB24D-9AE7-4337-9A7F-272D8512EB52},0,0,89078391.0215,44265.184151
523,1247,P,0730,730,4,13,8,4,1,0,WIGWAM,{872AF96E-D3E4-4BF7-B542-7B454577683B},0,0,153338289.834,69637.3726254
524,1248,P,0610,610,4,21,8,4,23,0,SOLEDAD,{D794B9AB-85DC-4B48-9CCC-9F6469D6AFA8},0,0,36025477.6483,25919.5332154
525,1249,P,0216,216,4,21,8,4,23,0,EL MIRAGE,{52904CF9-298A-4147-83C2-9668CFED4370},0,0,70677845.1496,44651.9314289
526,1250,P,0745,745,4,21,8,4,26,0,YOUNGTOWN,{2384EC5C-349D-4B92-ACA4-955A67F745A2},0,0,42048925.6652,39063.0758891
527,1251,P,0557,557,4,21,8,4,14,0,SADDLE RIDGE,{A1E85261-42F6-400E-B225-D07E175228E8},0,0,48923583.4576,29098.99245
528,1252,P,0325,325,4,22,8,4,14,0,INDIAN WELLS,{69305F36-51B6-4755-AF7E-592500D8F46A},0,0,31096022.1969,28111.475478
529,1253,P,0015,15,4,20,8,4,11,0,ALTADENA,{94A969BB-1251-430D-9F74-EA4BC158C060},0,0,26100812.1917,20466.8453686
530,1254,P,0500,500,4,20,8,4,11,0,PHELPS,{F0A1A006-2E14-48A0-A6F7-D7976B40C0FB},0,0,27007363.6832,20877.7176182
531,1255,P,0643,643,4,20,8,4,11,0,SUNBURST,{57614920-216F-4DBB-A06C-A7ABAAD94354},0,0,27820038.136,21096.9579247
532,1256,P,0388,388,4,13,8,4,1,0,LUKE FIELD,{B841BFCD-99CC-49CB-9F65-DFEA3902F7F9},0,0,25857315.1035,23146.486918
533,1257,P,0727,727,4,13,3,4,1,0,WHYMAN,{F91741C6-5D7A-47DF-91BE-05FBF2150FC8},0,0,164233500.816,68960.9530211
534,1258,P,0371,371,4,13,8,4,1,0,LITCHFIELD,{09DF16E1-89C8-4D78-84C8-78703C1A4C1A},0,0,23110875.6269,20865.5186298
535,1259,P,0369,369,4,13,3,4,1,0,LIBERTY,{A258A6CF-8430-4820-88DB-37738C9DBAF3},0,0,749936513.682,130158.010253
536,1260,P,0472,472,4,13,8,4,1,0,PALM VALLEY,{F2A8FDA6-928C-4218-A830-DAF6491B48BD},0,0,39890438.4284,25994.9408263
537,1261,P,0538,538,4,13,8,4,1,0,RIO PASEO,{2E0B513C-1CEF-4C6D-9A15-DF6654E4D88E},0,0,78089999.713,38956.2557781
538,1262,P,0437,437,4,13,4,4,23,0,MORRISTOWN,{C8E07D3F-4232-4127-A83A-BAE405D086E1},0,0,4121838276.71,287713.928902
539,1263,P,0704,704,4,13,8,4,1,0,WADDELL,{96E3AA75-52F3-494A-A929-501229719195},0,0,458458810.259,89778.7045242
540,1264,P,0420,420,4,22,8,4,23,0,MESQUITE,{82E57FE5-E008-48E4-B9EB-4E2CA937A7D8},0,0,228600415.531,62455.1208313
541,1265,P,0182,182,4,22,8,4,23,0,DESERT OASIS,{CE0A9495-69D9-4A48-9CB9-F1BA5B402F28},0,0,2813776519.4,316542.302523
542,1266,P,0740,740,4,13,4,4,23,0,WITTMANN,{1E0AAF4C-4789-4F07-B49A-25390AB21D0E},0,0,1140335280.81,186934.841931
543,1267,P,0526,526,4,21,8,4,23,0,RANCHO MIRAGE,{09BA202B-71E0-42E1-9E4D-95C967265740},0,0,42064073.2396,26460.0855713
544,1268,P,0234,234,4,13,4,4,23,0,FESTIVAL,{EFD89AB3-5693-4D71-886A-E3267C66FE1C},0,0,848567786.217,204861.652574
545,1269,P,0351,351,4,22,8,4,23,0,LA SOLANA,{44E8BB20-D837-4D94-9647-5F0484E16D4C},0,0,68256689.1092,45048.514223
546,1270,P,0723,723,4,13,4,4,1,0,WHITE TANK,{7BC161B9-7353-435B-994D-A9988BEB02C2},0,0,6159190040.5,504769.897244
547,1271,P,0270,270,4,22,8,4,23,0,GRANITE FALLS,{11A0D28B-E36D-40AF-A7BE-CDA5D614C2F3},0,0,52779672.2262,43014.311681
548,1272,P,0209,209,4,21,8,4,26,0,DYSART,{FFA12B36-0799-4C75-8841-FBF141674DAC},0,0,162588272.04,66886.6018567
549,1273,P,0466,466,4,21,8,4,8,0,OSUNA PARK,{BCB1095C-F71C-4DEC-96F8-AA4C93179696},0,0,88882155.2454,45000.6183515
550,1274,P,0637,637,4,21,8,4,14,0,SUN AIRE,{8BE3A6FD-670A-4647-A2D2-887873CA977B},0,0,67053838.2482,39367.0798622
551,1275,P,0474,474,4,19,3,4,1,0,PALMBROOK,{F473F16B-6262-4837-96ED-02CA676255F2},0,0,67926506.6455,52493.0743506
552,1276,P,0731,731,4,29,8,4,1,0,WIGWAM CREEK,{9A8520D2-FFA2-450C-B618-2C4EFEBD179F},0,0,40210848.8459,39114.3044852
553,1277,P,0009,9,4,29,8,4,26,0,AIRLINE CANAL,{13733F78-13ED-4E78-A081-9E3482ED992C},0,0,172404680.537,72004.1848573
554,1278,P,0574,574,4,19,3,4,1,0,SANTA FE,{2EA3A72F-AFD6-49C4-B2EE-B0F112E55C86},0,0,28607870.5317,28796.6933177
555,1279,P,0002,2,4,21,8,4,14,0,ACOMA,{73E62308-4425-4D89-9452-2B799D203011},0,0,54592464.3972,48350.8022741
556,1280,P,0177,177,4,21,8,4,14,0,DESERT HARBOR,{C3E01AAD-4CCB-49CE-A5BF-B6D2C38CF86D},0,0,48930871.5146,30742.5891089
557,1281,P,0579,579,4,22,8,4,23,0,SARIVAL,{9D295BA5-89D1-46E4-AF5B-0CA22FF6715A},0,0,24918378.8655,20004.6970266
558,1282,P,0483,483,4,22,8,4,23,0,PARADISE,{8D62C709-A05A-4D38-BEC6-EACF0A166BB9},0,0,58411807.6398,34944.4832755
559,1283,P,0404,404,4,21,8,4,23,0,MARLEY PARK,{2D4F389D-C3F1-4779-99C6-67349A97A584},0,0,27845209.6422,21113.825425
560,1284,P,0386,386,4,21,8,4,23,0,LUDDEN,{91344653-5BB6-49FE-91DD-3C3047A08CD1},0,0,54327559.6629,32091.9578357
561,1285,P,0702,702,4,21,8,4,8,0,VOGEL,{7AFB1049-4510-49C5-9526-0B43F67CFE45},0,0,41804851.2851,29629.0418596
562,1286,P,0125,125,4,21,8,4,8,0,COMET,{C3960B68-1CB9-4E0D-B5B8-4EE3292ABB92},0,0,26404735.0134,26508.1708354
563,1287,P,0629,629,4,22,8,4,23,0,STARDUST,{88A0388C-CCF6-49A0-A28A-FC46C17A1B66},0,0,47917305.3541,31480.4751398
564,1288,P,0054,54,4,22,8,4,23,0,BLUE SKY,{D9D3D914-C687-4AB5-B6A4-3E34A180F804},0,0,19245247.0909,19005.9095148
565,1289,P,0051,51,4,22,8,4,23,0,BLACK GOLD,{5C9B724F-39A8-4266-9E6C-663E54528547},0,0,44977905.745,35102.4589667
566,1290,P,0206,206,4,22,8,4,23,0,DUSTY TRAIL,{F9FA5731-A8E8-49E8-88BC-93D436CAEDC8},0,0,275500881.506,83120.7009989
567,1291,P,0603,603,4,22,8,4,23,0,SKY HAWK,{F7CEEE3B-4D85-4B83-B82B-B65DDC8E5535},0,0,20374806.9082,21595.0723461
568,1292,P,0661,661,4,21,8,4,14,0,SWEETWATER,{5A39B301-2E49-44B7-BD9D-E07A693FEE5D},0,0,27222365.8137,27147.231981
569,1293,P,0316,316,4,4,3,4,1,0,HOPEVILLE,{91A30EC6-03FA-4D05-9313-2648FE8618B1},0,0,925529025.316,150407.644637
570,1294,P,0062,62,4,4,3,4,1,0,BUCKEYE,{C54CC683-0EAF-4FCA-9D38-3EACFF479D33},0,0,120399029.101,52404.8063568
571,1295,P,0687,687,4,4,3,4,1,0,VALENCIA,{7DE18661-0EF9-4748-B1EA-DEB1310ED655},0,0,45529033.7906,29120.8338606
572,1296,P,0205,205,4,13,3,4,1,0,DURANGO,{0F93BDB2-54F7-41CF-8FB9-D432EBADC4D6},0,0,97923320.5634,56645.2628588
573,1297,P,0646,646,4,13,3,4,1,0,SUNDANCE WEST,{B0CFC188-D4C9-4F69-BEB9-91C28A3C5161},0,0,61425630.5975,34802.9864615
574,1298,P,0709,709,4,13,3,4,1,0,WATSON,{EF3246E4-E8FF-433A-A3B8-A1F524C7B301},0,0,84281319.0062,37161.4094245
575,1299,P,0023,23,4,21,8,4,14,0,APACHE PARK,{DCAA6376-47C6-437E-9851-515C1C38091E},0,0,34402745.8192,40694.7889645
576,1300,P,0520,520,4,29,7,4,8,0,PURPLE SAGE,{7DF6587C-9DE2-4AD1-872B-E132677A40D6},0,0,68476285.2514,36818.827854
577,1301,P,0513,513,4,20,8,4,11,0,POINSETTIA,{B61B22EE-EA88-4996-91CB-8E9F13DD655C},0,0,11256517.0349,15690.9417238
578,1302,P,0107,107,4,20,8,4,11,0,CHRISTY,{B898E943-E725-4B04-A98E-6A9E09CE1CB1},0,0,13248560.116,17118.9410324
579,1303,P,0176,176,4,4,8,4,1,0,DESERT EDGE,{66E1B9A6-B367-4679-B5B7-45BA002886EF},0,0,51845966.7971,34479.7047796
580,1304,P,0067,67,4,22,4,4,23,0,BUNKER PEAK,{DCDD2E49-8CC8-419C-A69F-E51C7DDAFF61},0,0,23681219.3147,20739.4194316
581,1305,P,0342,342,4,21,8,4,23,0,KENLY FARMS,{195E2121-AF5C-4415-9C71-B4A79787B543},0,0,138044033.058,52595.3382038
582,1306,P,0352,352,4,22,8,4,23,0,LAKE PLEASANT,{2FB49644-A3FF-42E9-8749-DEC41273C90B},0,0,426677643.013,145100.539112
583,1307,P,0701,701,4,22,8,4,23,0,VISTANCIA,{6FA48635-E2E7-4993-9205-CBB4C59F2BAF},0,0,136243420.379,58561.2256612
584,1308,P,0105,105,1,18,9,1,3,0,CHILTON,{836287E7-F4DC-461B-8C41-93103C9AD63B},0,0,14019353.4081,15898.920906
585,1309,P,0237,237,1,18,9,1,19,0,FOOTHILLS,{9EC8BD7B-D435-4D25-825C-078545BABACC},0,0,98004059.1225,52230.2697026
586,1310,P,0354,354,1,18,9,1,19,0,LAKEWOOD,{402B7107-1AB2-448E-98D3-D07289C43B3B},0,0,40293235.7198,26895.9727441
587,1311,P,0321,321,1,26,9,1,18,0,HUDSON,{6F82CF84-BFD0-45E5-A7B3-81FCD393DE5D},0,0,34171560.6304,26791.3901808
588,1312,P,0592,592,3,28,6,3,12,0,SHEA,{AEEB8DBD-31E0-4F25-80FE-EFD032FD357B},0,0,14062322.4752,15934.0884618
589,1313,P,0263,263,3,28,6,3,12,0,GOLD DUST,{7FE5B280-CD6B-4A85-9D29-CFAB451C743F},0,0,20207438.8761,21007.4302188
590,1314,P,0746,746,3,28,6,3,12,0,YUCCA,{2FF40F2D-B105-49F3-A774-4DB5808BC315},0,0,23427900.8918,23368.2162228
591,1315,P,0019,19,3,28,6,3,12,0,ANDORA,{3A14E77E-443C-4715-A864-5A1A07AB0522},0,0,14715350.9152,17640.0844507
592,1316,P,0304,304,3,15,6,3,15,0,HILLERY,{6B4495B0-B36F-4042-90F6-8480F069439B},0,0,27740414.0084,20992.1928665
593,1317,P,0696,696,3,15,6,3,12,0,VILLA RITA,{E619B678-EAF6-4939-8437-440DA55F0094},0,0,14077733.5776,16016.1228319
594,1318,P,0652,652,3,15,6,3,12,0,SUNNYSIDE,{24A2E8CB-C790-4CF1-9B44-39E68BE2F235},0,0,14304929.5444,16665.7381123
595,1319,P,0733,733,3,28,9,3,12,0,WILDER,{17A91C2B-C2DC-4DAE-9883-624B9D50AD7D},0,0,30363263.1573,27589.5462546
596,1320,P,0116,116,3,28,9,3,12,0,CLIFFVIEW,{58003E23-636C-47A5-A1C0-DCAF0E55D080},0,0,14114918.3436,16097.0014451
597,1321,P,0602,602,3,28,9,3,12,0,SIMIS,{BFEA8C2E-71B2-4355-8928-7081F1E5E51B},0,0,24958917.335,26399.1354959
598,1322,P,0623,623,3,28,9,3,13,0,SPRUCE,{6C481FE7-C9F0-494C-A665-A09CB85EFD0F},0,0,13459046.2828,15740.6666203
599,1323,P,0408,408,3,24,9,3,6,0,MAYFLOWER,{7CBC7485-C2B7-4401-9C0E-308EF33FDA2B},0,0,28505081.7671,21360.0027564
600,1324,P,0036,36,3,15,6,3,25,0,AVIANO,{097AE3C3-DD2A-4F41-9E07-01BB3D4109EF},0,0,56318221.5927,29915.693654
601,1325,P,0148,148,3,15,6,3,25,0,COYOTE BASIN,{0F8F3D6A-F5FA-4EAE-BD51-10A8032CB8F1},0,0,67130718.8642,36044.8901807
602,1326,P,0552,552,3,15,6,3,25,0,ROSE GARDEN,{E0204E91-7812-49CA-A0FC-7E4044C81B23},0,0,95008830.4009,51519.2785251
603,1327,P,0591,591,3,28,6,3,13,0,SHAW BUTTE,{DB27B194-0783-47EC-92A9-C85A41C3DE16},0,0,27218682.9391,21036.0754392
604,1328,P,0170,170,3,23,6,3,15,0,DEERVIEW,{B2D2306B-9F01-485C-8CC5-C12ADB070AEC},0,0,14070393.2199,15931.492693
605,1329,P,0131,131,3,28,6,3,12,0,CONTENTION MINE,{1F809802-7921-4092-A88F-66A638EA0562},0,0,13956272.0579,15856.0528948
606,1330,P,0164,164,3,15,6,3,11,0,DANBURY,{C8DCDBB3-5F55-4F6E-B6C8-CD7268E0C9D8},0,0,29145803.8054,27419.1878541
607,1331,P,0212,212,3,30,6,3,8,0,ECHO,{92E159F9-8212-4065-B5DE-DFFFC985B704},0,0,13711164.6626,15780.9461276
608,1332,P,0683,683,3,20,6,3,13,0,TURF PARADISE,{6D1558EA-6E07-4BAA-8A04-74AB001DD387},0,0,25093482.4615,20707.814623
609,1333,P,0422,422,3,20,6,3,13,0,MICHELLE,{4E200897-03E3-4F43-9EAB-4CF3C50EB3AA},0,0,13829524.1994,15765.6726171
610,1334,P,0280,280,5,27,7,5,19,0,GUADALUPE,{2DE65C66-3C74-430D-B94D-2621BDE3C86D},0,0,22639067.3268,22297.5167759
611,1335,P,0367,367,5,30,7,5,22,0,LEWIS,{1639F2E4-8134-407F-AC78-69958B3513CF},0,0,13956079.6509,15832.7258579
612,1336,P,0649,649,5,27,7,5,17,0,SUNLAND,{0C502491-6EFF-4BD0-857A-5BC34A258770},0,0,50883935.8623,31000.0027743
613,1337,P,0697,697,5,27,7,5,17,0,VINEYARD,{94E487E4-9CC3-4816-8967-519534BB28E3},0,0,83357105.5154,36962.8534382
614,1338,P,0313,313,5,29,7,5,9,0,HOLMES,{25A94024-049A-4E7B-9BA9-D02DD2FBCCDD},0,0,32537616.8331,24621.1050753
615,1339,P,0392,392,5,30,7,5,22,0,MADRID,{B23AE6B0-57E9-41E2-B5CD-14AC3F3EFF31},0,0,65220111.7405,39305.7193358
616,1340,P,0012,12,5,30,7,5,22,0,ALHAMBRA,{CD5D9E42-FEA7-4BA1-B677-2FDD25522154},0,0,27893157.2475,21131.0067574
617,1341,P,0268,268,5,30,7,5,22,0,GRANADA,{990483B8-8B26-433D-8071-2142B005FC6C},0,0,31076018.1713,23642.0097721
618,1342,P,0601,601,5,30,7,5,2,0,SILVERADO,{FAAE1FF1-38B3-4D0F-AE35-6528AA9A0256},0,0,42038119.3417,28969.2517333
619,1343,P,0585,585,5,30,7,5,9,0,SEVILLA,{4D971AC8-ABA6-495D-8D22-4C328F97D39E},0,0,55613583.3843,31651.0569037
620,1344,P,0341,341,5,30,7,5,8,0,KEIM,{1ABD5E70-0289-4967-B900-EAE21B2D925A},0,0,27919276.4792,21140.595466
621,1345,P,0433,433,5,19,7,5,26,0,MONTE VISTA,{587F9A31-07B5-47D7-AB5D-B4C8DA9B2150},0,0,13630868.0344,15604.6122819
622,1346,P,0448,448,5,24,7,5,2,0,NORTH HIGH,{FE5A63E6-1249-412B-BBEE-D32351F868D9},0,0,24476312.8315,22579.2459009
623,1347,P,0274,274,5,27,7,5,17,0,GREENFIELD,{72263C8B-32C6-45A7-A0E8-26F39437419C},0,0,28229781.1801,21313.0948248
624,1348,P,0315,315,5,27,7,5,17,0,HOPE,{3759A1C8-B448-471D-A7CC-C6B6C61AFC25},0,0,41691291.9497,26365.2752873
625,1349,P,0288,288,5,13,3,5,7,0,HARQUAHALA,{8E652935-7539-4C12-A38D-89B13C8FD95A},0,0,14094138491.7,574665.278182
626,1350,P,0564,564,5,4,3,5,7,0,SAN LUCY,{1150CCF7-682E-4830-89C4-33D832BEB8B3},0,0,1885315.18927,6720.72179786
627,1351,P,0311,311,5,24,7,5,5,0,HOLLY,{208FD1E3-99B3-445D-B5D4-3854FFDB6AC3},0,0,14225727.2468,15961.2531057
628,1352,P,0100,100,5,29,7,5,8,0,CHALLENGER,{FE8B7E05-929F-45C5-B662-FC696B57604E},0,0,30360455.9135,30171.9934448
629,1353,P,0680,680,5,29,7,5,9,0,TUCKEY,{44362FD0-E3CC-49BA-8F5F-9E4A5B57C985},0,0,31096528.2864,27032.6599868
630,1354,P,0445,445,5,30,6,5,8,0,NICOLET,{65EF5A85-8483-4D89-83F9-9A174ED98E39},0,0,21602554.4738,22319.4777127
631,1355,P,0087,87,5,29,7,5,26,0,CARL,{6565181F-CFD8-45E4-ABE2-B3FF85148AAD},0,0,27321063.8117,20908.4157676
632,1356,P,0309,309,5,29,7,5,9,0,HOLIDAY PARK,{B9AF037A-6E88-4FAD-B031-D3101CB76B2F},0,0,47411596.8623,31360.1437962
633,1357,P,0693,693,5,29,7,5,8,0,VERMONT,{2C326A5E-53C5-4215-8129-056DC93AD836},0,0,48722981.6573,36704.4919544
634,1358,P,0124,124,5,29,7,5,8,0,COLTER,{8E6C2767-FBBE-4D28-B5E5-C3FBECD0BF6C},0,0,14433505.1664,16405.0122848
635,1359,P,0528,528,5,29,7,5,8,0,READE,{03D76D3B-C6FB-4959-A356-6B14B406AA6B},0,0,13702599.899,16089.2671108
636,1360,P,0046,46,5,29,7,5,9,0,BETHANY PARK,{7637A345-ACDB-4F2A-84F5-772C7D3BF93C},0,0,10007314.545,12891.3107392
637,1361,P,0058,58,5,29,7,5,9,0,BONSALL PARK,{32C1248F-92CA-450E-BE56-B562103FE064},0,0,28512854.6273,21372.6686657
638,1362,P,0475,475,5,27,7,5,17,0,PALMDALE,{C38E328C-0ACD-416E-B432-EA96223215E9},0,0,160338966.573,63732.7760977
639,1363,P,0613,613,5,27,7,5,17,0,SOUTH MTN HIGH,{9289C9E6-2C28-4195-B274-833D4604044E},0,0,56760664.1866,31811.4713435
640,1364,P,0297,297,5,27,7,5,17,0,HERMOSA,{5287553A-74A8-4D82-BD61-299369A8681D},0,0,62371234.1409,43003.0987381
641,1365,P,0092,92,5,27,7,5,17,0,CARVER,{552F60C2-994B-4E14-8153-5A5296D0E786},0,0,82648708.9182,51006.8010165
642,1366,P,0614,614,5,27,7,5,17,0,SOUTH MTN PARK,{40A07245-FF97-47E9-9FF9-AFCBA5B32BCB},0,0,372247991.004,153077.519051
643,1367,P,0598,598,5,27,7,5,17,0,SIERRA VISTA,{BAD200AF-751F-434A-9269-8904B32CEDB0},0,0,20889321.9006,21340.167388
644,1368,P,0247,247,5,27,7,5,17,0,GARDEN GROVES,{49784D09-6449-414B-8F0F-28C418F35E28},0,0,65546903.8347,43210.950673
645,1369,P,0221,221,5,24,7,5,2,0,ENCANTO,{975E22E7-7E5F-437F-B40C-5B42DB83C58A},0,0,41749647.5452,26455.96744
646,1370,P,0738,738,5,24,7,5,2,0,WILSHIRE,{521EA453-D147-47D0-B42B-BF91050106A6},0,0,21484102.3764,21174.3153713
647,1371,P,0385,385,5,27,7,5,5,0,LOWELL,{0D89D268-D78C-4A23-8CFE-C734CE98AC9A},0,0,30977815.5847,29257.546847
648,1372,P,0003,3,5,29,7,5,9,0,ACUNA,{DD37466D-FA06-4710-9FCB-67F91E2CBF4E},0,0,30255394.2889,25003.9696916
649,1373,P,0431,431,5,27,7,5,5,0,MONROE,{E65D219E-3CB0-41B7-98B4-7A73A840060F},0,0,227675368.205,92148.9283841
650,1374,P,0249,249,5,27,7,5,5,0,GATEWAY,{3A6319DA-6D83-4D96-9148-2F32E99650D0},0,0,44528467.1284,30865.467254
651,1375,P,0047,47,5,27,7,5,22,0,BETHUNE,{3380F2FF-73AD-4DF3-B1D3-71ECDC50FEA0},0,0,135765277.141,61455.4294057
652,1376,P,0138,138,5,30,7,5,22,0,CORDOVA,{84A9CAA9-06B0-4C66-8376-6CEC77E4E0EE},0,0,17419378.9609,18482.1598052
653,1377,P,0456,456,5,30,7,5,22,0,OCOTILLO,{A8BB476B-84F4-4018-A84C-DDDAD82215C6},0,0,13993120.5817,15881.7586277
654,1378,P,0428,428,5,4,3,5,7,0,MOBILE,{7081F7C2-E9F4-42FA-B605-D892A3D9B471},0,0,6020454733.22,317093.023899
655,1379,P,0299,299,5,4,3,5,7,0,HICKIWAN,{0F4F6211-6EA7-46BC-AAF4-6CF8AA5EE019},0,0,4139684489.86,324010.036183
656,1380,P,0389,389,5,30,7,5,22,0,LYNWOOD,{48B431E8-7C13-4488-8783-1F905DFBD645},0,0,21663270.8135,18538.5536306
657,1381,P,0630,630,5,29,7,5,26,0,STARLIGHT,{DB92FB54-89A1-4AE4-AAEE-9C7461AE97B0},0,0,17143218.6552,18563.9557281
658,1382,P,0725,725,5,24,7,5,5,0,WHITTIER,{A2750FB0-7C21-4BE5-8046-03DF76573BE5},0,0,14397385.0692,16323.2076479
659,1383,P,0160,160,5,29,7,5,9,0,CULVER,{73EFF8D3-40BF-4742-8746-18ABC785BBE9},0,0,13967943.8423,15857.2114666
660,1384,P,0102,102,5,27,7,5,17,0,CHAVEZ,{2960D1F0-438D-4D8F-B6C7-8A84A0D0B49E},0,0,26987002.5013,25787.3567019
661,1385,P,0548,548,5,27,7,5,17,0,ROESER,{D8788A35-4D80-40B1-9E40-A57F5647DB5C},0,0,60490584.7142,38178.2449467
662,1386,P,0620,620,5,27,7,5,17,0,SOUTHERN,{29D37DDB-C84B-417A-A3C1-687A6599C547},0,0,41538978.0615,38546.903048
663,1387,P,0068,68,5,19,7,5,17,0,BURGESS,{68644F83-CDA5-47B0-BAF4-7A58E7F227C0},0,0,95186846.346,54502.1552699
664,1388,P,0635,635,5,19,3,5,20,0,STUMP,{0861DDC4-196B-4F10-9EFA-E437EC984F87},0,0,206035332.655,59763.8508802
665,1389,P,0192,192,5,27,7,5,17,0,DOBBINS RANCH,{9DB6CCE4-F773-438C-9219-47CB7BC6963E},0,0,233052056.31,88302.9141319
666,1390,P,0326,326,5,30,7,5,22,0,ISAAC,{709BDEB7-7822-4926-80CC-B5FEF55F130E},0,0,35253782.4347,23809.220919
667,1391,P,0295,295,5,30,7,5,22,0,HAYDEN HIGH,{43D6D006-60F5-4111-B343-1C6FE201ED5B},0,0,27315327.7035,23397.2667716
668,1392,P,0084,84,5,30,7,5,2,0,CAPITOL SCHOOL,{0C2B0365-46D0-4269-BAAA-80CA4CAC88DA},0,0,66850220.9775,41012.7571298
669,1393,P,0720,720,5,24,7,5,5,0,WESTWARD HO,{196DA9A4-716E-40B3-A661-618327767516},0,0,31344056.2202,27571.6338566
670,1394,P,0545,545,5,29,7,5,9,0,ROADRUNNER,{05DA6003-F685-4C0C-8576-5E955FD22633},0,0,27496810.3741,21040.1636337
671,1395,P,0493,493,5,27,1,5,20,0,PEE-POSH,{2F51F338-F1F6-4F17-9699-D91442C7C936},0,0,1658391985,202115.123584
672,1396,P,0188,188,5,19,3,5,20,0,DESSIE,{A82E9AAE-9621-4586-87B6-FCAE1C08FD78},0,0,33934644.4661,28062.1864207
673,1397,P,0267,267,5,4,8,5,1,0,GOODYEAR,{94E03B74-49F0-4F17-B84D-BEF955B47960},0,0,71079690.268,51141.7457921
674,1398,P,0121,121,5,19,3,5,20,0,COLDWATER RIDGE,{4D1DEF81-BCF7-4D24-B2EF-7277EA6816EB},0,0,46048231.3058,30014.633025
675,1399,P,0412,412,5,24,7,5,5,0,MCDOWELL,{39C4D823-D876-4AC3-8D77-2500685CEC71},0,0,25409738.7211,28646.3828065
676,1400,P,0213,213,5,24,7,5,5,0,EDISON,{25E2730D-F978-4B66-AB4F-9530D6BA5B9C},0,0,33774756.0869,26425.9159355
677,1401,P,0306,306,5,27,7,5,5,0,HILTON,{041B2A2B-0EC1-4B1F-AAC7-3F249F99E2FE},0,0,88684413.9076,54133.46653
678,1402,P,0152,152,5,24,7,5,5,0,CREIGHTON,{24BA3F10-7143-42AD-8287-1BDE9C6961AF},0,0,34218892.2504,26095.7773526
679,1403,P,0040,40,5,24,7,5,5,0,BALSZ,{0A2FE8B0-2970-403B-9AFF-361BD6D6B7B1},0,0,38446834.9568,30633.3538058
680,1404,P,0387,387,5,30,7,5,22,0,LUKE,{64869311-60C8-4F1B-8CB0-60CBAEFEF73D},0,0,38122222.5659,26325.9027691
681,1405,P,0134,134,5,19,3,5,26,0,CORA,{FCDA71E7-46C2-47FC-8622-5F5A66AF3294},0,0,14255161.9993,18622.1612406
682,1406,P,0495,495,5,19,3,5,26,0,PENA,{22BDC648-67DD-4C1F-BAD1-3019D574BF24},0,0,20185777.9453,22116.9500709
683,1407,P,0550,550,5,29,3,5,26,0,ROMA,{E690B645-C76F-4C21-91B7-FE9E4773F57B},0,0,55643896.8532,31663.3553123
684,1408,P,0424,424,5,29,7,5,26,0,MINNEZONA,{13EF64A2-588C-4252-8367-221DF80936AD},0,0,16148689.3206,18509.906996
685,1409,P,0308,308,5,29,7,5,26,0,HOLIDAY GARDENS,{8EA3C210-4EC7-40B0-8FDC-71918032E141},0,0,11368607.9824,15291.8999869
686,1410,P,0719,719,5,19,7,5,26,0,WESTRIDGE,{E85587BC-1324-45A4-A045-B2265369CDAD},0,0,125656477.1,52628.3653216
687,1411,P,0184,184,5,19,7,5,26,0,DESERT SKY,{722734DF-BF4B-4F3C-A2A6-96D51369F6CF},0,0,32115355.5299,28572.2652988
688,1412,P,0682,682,5,19,7,5,26,0,TUMBLEWEED,{9D85B68C-5BFD-48DC-8CDD-388BF61AC214},0,0,48310813.3121,41930.047585
689,1413,P,0678,678,5,29,7,5,26,0,TREVOR BROWNE,{D10D3675-F672-4FC0-A7C0-D7D4C3C56E02},0,0,24452188.1599,22263.4379934
690,1414,P,0312,312,5,29,7,5,26,0,HOLLYHOCK,{B0543C9B-AFF1-4BB5-BA77-14534A014035},0,0,23748533.2099,23732.1401385
691,1415,P,0402,402,5,29,7,5,9,0,MARIVUE,{C8791618-0979-4AE1-BE06-0EFE13418FE8},0,0,31998553.7571,24942.8849995
692,1416,P,0407,407,5,29,7,5,9,0,MARYVALE,{A2AA2DB1-EB57-413F-8ED7-99154979914B},0,0,34966233.9464,26193.188821
693,1417,P,0229,229,5,27,7,5,17,0,EUCLID,{214C7D9D-A518-4EBD-8C50-3AB17B4F3FC8},0,0,50516262.8366,38385.574821
694,1418,P,0360,360,5,27,7,5,17,0,LASSEN,{5F001C2F-4CBB-4B19-A147-02D295CD895C},0,0,50382815.7104,42574.7106249
695,1419,P,0362,362,5,27,7,5,17,0,LAVEEN,{480F9289-93A0-450A-B891-8E1606B521FE},0,0,27598427.4187,21018.6881863
696,1420,P,0300,300,5,27,7,5,17,0,HIDALGO,{98549948-1C0B-4A16-A2A3-1BFF3B3C4832},0,0,63943349.9561,34795.8090416
697,1421,P,0459,459,5,27,7,5,17,0,OLNEY,{CC2E24B9-C1FA-4484-8A05-FD32C7FE455A},0,0,148634500.373,56080.4397673
698,1422,P,0631,631,5,30,7,5,22,0,STELLA,{325F6D50-516B-4DB5-B251-D23C444C9380},0,0,21369560.9788,18664.8420555
699,1423,P,0136,136,5,19,3,5,20,0,CORDES,{07DA8633-1C49-4166-9838-0AAD5DBA727D},0,0,58166925.9062,33366.8427813
700,1424,P,0582,582,5,19,7,5,20,0,SENNIA VISTA,{C15C9650-231F-4434-A10A-2BC883035C8B},0,0,86751367.7708,50319.0687663
701,1425,P,0542,542,5,19,7,5,9,0,RIVERSIDE,{B2189CD6-0646-46E3-842F-66F2CFA7F8FB},0,0,350038099.526,93509.7760333
702,1426,P,0434,434,5,29,7,5,9,0,MONTEBELLO,{9F5E0E09-DDB3-4E51-AF00-C138047470F8},0,0,17204221.3915,20860.1981136
703,1427,P,0016,16,5,19,3,5,26,0,ALVARADO,{153C9C72-9EA7-48AB-98B2-431E466CD074},0,0,33334244.005,24808.3149046
704,1428,P,0561,561,5,13,4,5,7,0,SALOME,{28FBEEFD-CFE7-4C0E-BD46-60478547631E},0,0,6670929549.68,405098.544577
705,1429,P,0029,29,5,4,3,5,7,0,ARLINGTON,{9236B193-6224-4CDA-9BAA-83535FD99B30},0,0,13454315406.1,687128.41613
706,1430,P,0093,93,5,19,3,5,20,0,CASHION,{C7161E6E-4487-46AB-A0F9-6966E3316AC3},0,0,96391708.9214,47146.0974542
707,1431,P,0670,670,5,19,7,5,20,0,TOLLESON,{7B598386-0A67-4C6D-A2BA-4F050BF94C9F},0,0,165024442.892,63043.8004603
708,1432,P,0256,256,5,4,3,5,7,0,GILA BEND,{BCEABE11-09A8-4FAC-85CD-067E23727178},0,0,11647694073.7,783980.100765
709,1433,P,0376,376,5,27,1,5,19,0,LONE BUTTE,{64678F21-2FC6-463B-A528-769745AB8C6E},0,0,2270635339.15,228589.617894
710,1434,P,0349,349,5,27,1,5,20,0,KOMATKE,{C2117DCC-7598-4E2B-A2DF-ED65307CE935},0,0,255862317.573,80024.2160717
711,1435,P,0583,583,5,4,3,5,7,0,SENTINEL,{0E520509-9C87-47BC-A032-38EE3131EAFD},0,0,52335372744.2,1067624.89201
712,1436,P,0707,707,5,19,3,5,20,0,WARNER,{C197886F-B443-4FD5-A583-76660074CC01},0,0,977504790.193,193000.303615
713,1437,P,0065,65,5,4,3,5,7,0,BULLARD,{B6C90273-2BAC-4FAA-8EEB-929D48C50AB8},0,0,4817849657.26,440084.865944
714,1438,P,0491,491,5,29,7,5,9,0,PECK,{6802C6D1-A811-43B3-B487-9EAAD70ACA2F},0,0,24265516.0572,24748.6335463
715,1439,P,0282,282,5,19,3,5,20,0,HADLEY,{BDD18BB0-799C-4188-A9C3-9715301A632F},0,0,68719872.1392,38923.0293712
716,1440,P,0204,204,5,27,7,5,5,0,DUNBAR,{F90173AE-C721-4903-9C97-C51755896D65},0,0,42610426.0142,26889.4633516
717,1441,P,0174,174,5,4,3,5,1,0,DESERT BLOSSOM,{E53477E8-E8A6-430C-A802-1736F4C69C8C},0,0,47264269.677,32337.8816063
718,1442,P,0499,499,5,24,7,5,6,0,PERRY PARK,{2AE5F1AF-23C8-4821-9941-B3B9B109AB31},0,0,21268239.5189,21225.553833
719,1443,P,0228,228,5,4,3,5,1,0,ESTRELLA FOOTHILLS,{6DB205AA-903B-46DC-98A3-31384C705A63},0,0,2550046044.55,345815.195525
720,1444,P,0524,524,5,4,3,5,7,0,RAINBOW VALLEY,{C2298DFB-F021-4E39-AC11-51A00D8545EF},0,0,496330613.495,155237.432888
721,1445,P,0715,715,5,4,3,5,1,0,WESTAR,{DFE62E88-85B8-4D22-85D0-46B1B814DA5B},0,0,74188435.0927,44563.0985501
722,1446,P,0378,378,5,19,3,5,26,0,LONESOME,{5A627A30-1314-405E-87B3-ED3802C7B23B},0,0,36011208.2725,27425.4670874
723,1447,P,0710,710,5,19,3,5,26,0,WELDON,{16BB741E-C48D-4F78-9A35-DA464A37B303},0,0,41544339.5648,32646.338451
724,1448,P,0158,158,5,19,3,5,26,0,CRYSTAL GARDENS,{D8300DE1-D481-49D0-AE0E-77ADC45C71EB},0,0,75847481.9433,41439.3408884
725,1449,P,0037,37,5,19,3,5,20,0,AVONDALE,{B342ABC2-23D6-43DD-AA00-A104B2C0466F},0,0,41242641.9217,32492.6494457
726,1450,P,0712,712,5,30,7,5,8,0,WEST PLAZA,{7358AC2A-E82D-4B21-97A1-21C72A19F104},0,0,27387005.2869,20939.4383654
727,1451,P,0363,363,5,27,7,5,17,0,LAVEEN MEADOWS,{7A7112A2-1DD5-434C-BCD9-1F43D6F3F5DB},0,0,114565890.755,56668.9905214
728,1452,P,0322,322,5,29,7,5,8,0,INDEPENDENCE,{7D2EEFAE-041A-4946-98F6-643A77562590},0,0,38817433.895,26278.3679155
729,1453,P,0290,290,5,19,7,5,22,0,HARRISON,{9BDED4AF-9B04-4711-A8BF-2482D4082CF5},0,0,62164612.5532,31459.7351131
730,1454,P,0218,218,5,26,7,5,17,0,ELWOOD,{F7C3E4AE-CACE-4229-9E1D-57B01C074EDD},0,0,27225150.4359,27114.1200937
731,1455,P,0575,575,5,19,7,5,20,0,SANTA MARIA,{54FB5524-C5C2-4913-A337-DAFA920D3BE6},0,0,40779115.1417,26356.5652257
732,1456,P,0181,181,5,29,7,5,8,0,DESERT MIRAGE,{318BE557-67AE-4F37-A85C-B2A66055B85F},0,0,27676277.9201,21045.2460721
733,1457,P,0103,103,5,27,7,5,17,0,CHEATHAM,{285BC266-88D6-47D4-B25E-57E36AD94BD2},0,0,55047474.5961,31742.5229064
734,1458,P,0465,465,5,19,3,5,20,0,ORME,{91DB2119-D1D2-460E-A916-BED0BF27654B},0,0,64648649.5245,32682.7170864
735,1459,P,0028,28,5,27,7,5,17,0,ARDMORE,{20607F86-EF7C-49EA-B226-60516C3BFD70},0,0,46293726.5968,32851.8879553
736,1460,P,0589,589,1,26,9,1,18,0,SHALIMAR,{4D8E8F30-A299-4CCE-9468-E4AF3F8BBD4F},0,0,25586663.4751,21098.7858199
737,1461,P,0619,619,5,27,7,5,17,0,SOUTH MTN PARK SW,{C6026D44-6092-43AB-A9AD-605D11ACC645},0,0,82325533.9264,41222.5148732
738,1462,P,0618,618,5,27,7,5,17,0,SOUTH MTN PARK SOUTH,{BF9BB05D-475F-47C6-B9A5-8683C17675D7},0,0,106653128.381,52496.5079223
739,1463,P,0617,617,5,27,7,5,17,0,SOUTH MTN PARK SE,{2FDB3D43-F132-4A35-8FC3-97283A780BB7},0,0,45912070.6074,31724.7341339
740,1464,P,0616,616,5,27,7,5,17,0,SOUTH MTN PARK NE,{83581E7B-CA3C-4DB9-9E37-66C8A4D2D42C},0,0,11327442.0933,17802.1927115
741,1465,P,0615,615,5,27,7,5,17,0,SOUTH MTN PARK EAST,{F130413A-2A07-4E91-9D93-FB2C0C490309},0,0,68254156.2499,42276.5121077
742,1466,P,0193,193,1,17,5,1,3,0,DOBSON PARK,{24B0D200-C519-4CA0-835E-30F4CF6B0F38},0,0,30576273.1252,50018.184177
743,1467,P,0202,202,1,17,9,1,3,0,DUBLIN,{F270AC99-6132-45DD-BE57-10B5B3FC404C},0,0,27953839.63,26452.2871153
744,1468,P,0476,476,1,26,9,1,19,0,PALMER,{94D4D42F-FC7F-4CD3-90A5-CCE303E50ED9},0,0,27453240.7614,20758.4117395
745,1469,P,0632,632,1,18,9,1,3,0,STELLAR,{57FE8EB2-62F8-4EF8-8403-B84EEDD4C57B},0,0,50840913.3398,32662.7742407
746,1470,P,0139,139,1,18,9,1,3,0,CORONA,{4B316B80-2706-4577-A624-4873F726D067},0,0,13950172.9327,18616.7278414
747,1471,P,0530,530,1,18,9,1,18,0,REDDEN,{3D6409C5-A104-44AD-9011-B203A203F5C2},0,0,13660622.3871,15768.2046973
748,1472,P,0451,451,1,18,9,1,3,0,OAKGROVE,{F571AFEF-8B91-4471-A6A0-FB5768B7B9B7},0,0,13502849.2816,17190.223355
